file,part,sensor_type,bytes,topology,leak,flow,noise,sensor,dt_irregular,n,fs,dur_s,nan,mean,std,min,max,rms_ac,kurt,crest,n_unique,frac_at_extreme,f_peak,f_centroid,f50,f95,band_0_100,band_100_500,band_500_2000,band_2000_6000,band_6000_12800,block_rms_cv,block_rms_maxmin,raw_mod4,low16_nonzero
BR_CC_0.18 LPS_A1.csv,1,Accelerometer,23109495,BR,CC,0.18 LPS,,A1,0,923488,25601.6,36.07,0,0.000139715,0.00575969,-0.0309617,0.0291752,0.00575969,0.0592266,5.39984,55793,2.1657e-06,109.382,714.712,206.263,3062.7,0.109687,0.485445,0.329973,0.0662152,0.0086798,0.0362268,1.16588,,
BR_CC_0.18 LPS_A2.csv,1,Accelerometer,22776017,BR,CC,0.18 LPS,,A2,0,917996,25601.6,35.86,0,0.000202138,0.00118706,-0.0051483,0.0052687,0.00118706,0.00742823,4.5073,13529,2.17866e-06,215.639,546.102,209.388,2515.79,0.0776174,0.815958,0.0235877,0.0761551,0.00668184,0.0676901,1.30745,,
BR_CC_0.47 LPS_A1.csv,1,Accelerometer,22481098,BR,CC,0.47 LPS,,A1,0,896801,25601.6,35.03,0,-0.000498775,0.0133598,-0.0679484,0.0691201,0.0133598,0.0213109,5.21105,113856,2.23015e-06,940.685,856.864,903.183,1415.72,0.0716267,0.244385,0.646217,0.0249949,0.012776,0.0286552,1.14425,,
BR_CC_0.47 LPS_A2.csv,1,Accelerometer,23174652,BR,CC,0.47 LPS,,A2,0,918966,25601.6,35.89,0,-0.00150396,0.00222344,-0.0134603,0.00615915,0.00222344,2.28977,5.37743,25289,2.17636e-06,350.022,269.033,246.891,409.401,0.14697,0.841502,0.00576798,0.00411697,0.00164298,0.0414169,1.17314,,
BR_CC_ND_A1.csv,1,Accelerometer,23150957,BR,CC,ND,,A1,0,933603,25601.6,36.47,0,0.000147143,0.00103413,-0.00430788,0.00509654,0.00103413,-0.0765954,4.78604,11611,2.14224e-06,59.3788,217.745,137.509,353.148,0.35622,0.626295,0.00748282,0.00315562,0.00684555,0.0457765,1.20687,,
BR_CC_ND_A2.csv,1,Accelerometer,23406829,BR,CC,ND,,A2,0,940956,25601.6,36.75,0,0.000215912,0.00157667,-0.00670228,0.00685054,0.00157667,-0.0843853,4.38787,17221,2.1255e-06,353.148,458.38,284.393,1796.99,0.0744949,0.751005,0.129208,0.0429592,0.00233213,0.0370583,1.1582,,
BR_CC_Transient_A1.csv,1,Accelerometer,23183850,BR,CC,Transient,,A1,0,929361,25601.6,36.3,0,0.000142669,0.011848,-0.136264,0.140526,0.011848,5.51186,11.8487,112175,2.15202e-06,56.2536,831.03,893.807,2153.26,0.137266,0.251416,0.560643,0.0391323,0.0115429,0.618337,28.6117,,
BR_CC_Transient_A2.csv,1,Accelerometer,23298066,BR,CC,Transient,,A2,0,936567,25601.6,36.58,0,0.000203801,0.00186568,-0.216215,0.238182,0.00186568,846.501,127.556,22884,2.13546e-06,353.148,986.618,328.146,6291.03,0.164915,0.661283,0.021686,0.0886714,0.0634443,0.307453,2.81896,,
BR_GL_0.18 LPS_A1.csv,1,Accelerometer,23070527,BR,GL,0.18 LPS,,A1,0,920697,25601.6,35.96,0,-0.000400623,0.00598346,-0.02819,0.0272346,0.00598346,0.068669,4.64436,57786,2.17227e-06,909.433,925.121,896.932,1387.59,0.0589646,0.266007,0.63377,0.0185277,0.0227299,0.0270069,1.10911,,
BR_GL_0.18 LPS_A2.csv,1,Accelerometer,23143519,BR,GL,0.18 LPS,,A2,0,920954,25601.6,35.97,0,-0.00105105,0.00293757,-0.0152383,0.0119243,0.00293757,0.350679,4.82957,32297,2.17166e-06,353.148,175.22,121.883,356.273,0.487043,0.506131,0.00536305,0.000812504,0.000650488,0.175254,2.02801,,
BR_GL_0.47 LPS_A1.csv,1,Accelerometer,23155579,BR,GL,0.47 LPS,,A1,0,924328,25601.6,36.1,0,0.000194516,0.0141027,-0.0620465,0.0618116,0.0141027,-5.29683e-05,4.4134,119763,2.16373e-06,109.382,811.502,881.306,1362.59,0.0326068,0.30658,0.628402,0.0194928,0.0129179,0.0308668,1.16091,,
BR_GL_0.47 LPS_A2.csv,2,Accelerometer,23366847,BR,GL,0.47 LPS,,A2,0,935084,25601.6,36.52,0,0.000151336,0.0036196,-0.0155392,0.0160583,0.0036196,0.264148,4.39468,38626,2.13885e-06,3.1252,116.855,21.8764,353.148,0.663207,0.328665,0.00715336,0.00068756,0.000287141,0.177781,2.38671,,
BR_GL_ND_A1.csv,1,Accelerometer,22891507,BR,GL,ND,,A1,0,924180,25601.6,36.1,0,0.000233888,0.00104815,-0.00443634,0.00535405,0.00104815,0.00331122,4.88495,12035,2.16408e-06,15.626,2775.28,156.26,12238.3,0.357995,0.382415,0.019345,0.00241357,0.237757,0.0692816,1.34097,,
BR_GL_ND_A2.csv,1,Accelerometer,23125596,BR,GL,ND,,A2,0,926676,25601.6,36.2,0,0.000208212,0.00257599,-0.0100852,0.013714,0.00257599,0.278882,5.24297,28403,2.15825e-06,353.148,160.056,84.3804,356.273,0.521765,0.470769,0.00672348,0.000507514,0.000235118,0.125236,1.64368,,
BR_GL_Transient_A1.csv,2,Accelerometer,23158347,BR,GL,Transient,,A1,0,928290,25601.6,36.26,0,0.000242947,0.0119631,-0.17432,0.147458,0.0119631,7.98849,14.5918,113514,2.1545e-06,109.382,738.772,850.054,1334.46,0.0615276,0.342349,0.567922,0.0163514,0.0118493,0.648898,24.1815,,
BR_GL_Transient_A2.csv,1,Accelerometer,22484559,BR,GL,Transient,,A2,0,901411,25601.6,35.21,0,0.000240477,0.00252925,-0.0114916,0.0141667,0.00252925,0.283309,5.50606,28107,2.21874e-06,350.022,187.828,156.26,362.523,0.447998,0.542291,0.00811971,0.00110358,0.000487605,0.123045,1.668,,
BR_LC_0.18 LPS_A1.csv,1,Accelerometer,23153770,BR,LC,0.18 LPS,,A1,0,923799,25601.6,36.08,0,-0.000442315,0.00642898,-0.0415999,0.0323502,0.00642898,0.0546036,6.40189,61277,2.16497e-06,200.013,800.161,881.306,2734.55,0.0530417,0.381437,0.510467,0.0455542,0.00949942,0.0305397,1.14932,,
BR_LC_0.18 LPS_A2.csv,2,Accelerometer,21952633,BR,LC,0.18 LPS,,A2,0,869713,25601.6,33.97,0,-0.00131609,0.00164146,-0.010126,0.00517747,0.00164146,0.549169,5.36716,18703,2.29961e-06,221.889,564.31,221.889,2831.43,0.139661,0.784717,0.00840761,0.0495753,0.017638,0.0617354,1.26892,,
BR_LC_0.47 LPS_A1.csv,1,Accelerometer,23344909,BR,LC,0.47 LPS,,A1,0,931783,25601.6,36.4,0,0.000121846,0.014202,-0.069956,0.0626911,0.014202,2.02116e-05,4.93438,120456,2.14642e-06,918.809,871.7,890.682,3150.2,0.0380046,0.29271,0.614149,0.0458566,0.00928006,0.0305178,1.13756,,
BR_LC_0.47 LPS_A2.csv,2,Accelerometer,23475135,BR,LC,0.47 LPS,,A2,0,942458,25601.6,36.81,0,0.000188376,0.00215096,-0.011276,0.0109052,0.00215096,0.894249,5.32987,26408,2.12211e-06,3.1252,223.585,109.382,459.404,0.487062,0.483724,0.0119782,0.0150492,0.00218651,0.245221,2.53887,,
BR_LC_ND_A1.csv,1,Accelerometer,22923873,BR,LC,ND,,A1,0,926490,25601.6,36.19,0,0.000123448,0.000831808,-0.00379823,0.0036082,0.000831808,-0.122312,4.71464,9405,2.15868e-06,175.011,319.915,159.385,462.53,0.258143,0.70873,0.0137527,0.0080021,0.0113711,0.0286495,1.12871,,
BR_LC_ND_A2.csv,1,Accelerometer,23661982,BR,LC,ND,,A2,0,950931,25601.6,37.14,0,0.00018425,0.0016373,-0.00915324,0.00805143,0.0016373,0.471879,5.70299,19733,2.1032e-06,353.148,289.321,212.514,393.775,0.202227,0.770029,0.0109453,0.0138865,0.00291174,0.120624,1.64427,,
BR_LC_Transient_A1.csv,2,Accelerometer,26140109,BR,LC,Transient,,A1,0,1048572,25601.6,40.96,0,0.000120151,0.010692,-0.0693639,0.0608921,0.010692,2.20548,6.49867,110603,1.90736e-06,918.809,890.862,900.058,3187.7,0.0469151,0.267706,0.630091,0.0463006,0.00898724,0.731906,20.0685,,
BR_LC_Transient_A2.csv,1,Accelerometer,23401815,BR,LC,Transient,,A2,0,940210,25601.6,36.72,0,0.000201805,0.00191406,-0.0121013,0.00849517,0.00191406,1.55718,6.42772,23830,2.12718e-06,353.148,338.858,293.769,481.281,0.183288,0.789681,0.00728431,0.0158543,0.00388991,0.187813,2.41998,,
BR_NL_0.18 LPS_A1.csv,2,Accelerometer,23064308,BR,NL,0.18 LPS,,A1,0,921800,25601.6,36.01,0,0.000108772,0.00549687,-0.026425,0.0268426,0.00549687,0.0536357,4.86347,53493,2.16967e-06,918.809,917.867,903.183,2487.66,0.0727922,0.22252,0.652431,0.0388438,0.0134132,0.0277292,1.11812,,
BR_NL_0.18 LPS_A2.csv,1,Accelerometer,23029001,BR,NL,0.18 LPS,,A2,0,921831,25601.6,36.01,0,0.000163186,0.00303409,-0.0118672,0.0151128,0.00303409,0.349021,4.92721,33109,2.1696e-06,3.1252,84.0862,18.7512,318.77,0.753899,0.233421,0.0111311,0.000824487,0.000723962,0.1325,1.82887,,
BR_NL_0.47 LPS_A1.csv,2,Accelerometer,22986058,BR,NL,0.47 LPS,,A1,0,917505,25601.6,35.84,0,0.000110492,0.0140721,-0.0623906,0.0665634,0.0140721,0.00988548,4.72231,119361,2.17982e-06,109.382,867.125,887.557,1828.24,0.0282847,0.307536,0.615196,0.0382146,0.0107694,0.0289734,1.1198,,
BR_NL_0.47 LPS_A2.csv,2,Accelerometer,23162008,BR,NL,0.47 LPS,,A2,0,927266,25601.6,36.22,0,0.000169441,0.00301475,-0.0139888,0.017376,0.00301475,0.201187,5.70744,32398,2.15688e-06,3.1252,103.788,21.8764,353.148,0.672301,0.31687,0.00897522,0.00124753,0.000606077,0.118998,1.6625,,
BR_NL_ND_A1.csv,2,Accelerometer,22790202,BR,NL,ND,,A1,0,924709,25601.6,36.12,0,0.000114643,0.000644813,-0.00333577,0.00325987,0.000644813,0.126216,5.35103,8000,2.16284e-06,59.3788,211.993,125.008,459.404,0.369188,0.601755,0.020227,0.00620123,0.00262836,0.0903624,1.43669,,
BR_NL_ND_A2.csv,2,Accelerometer,22957672,BR,NL,ND,,A2,0,918980,25601.6,35.9,0,0.000107536,0.00301171,-0.0132204,0.0296728,0.00301171,0.603494,9.81678,33518,2.17633e-06,3.1252,152.285,18.7512,506.282,0.70382,0.245377,0.0352873,0.0149216,0.000593281,0.149006,1.68042,,
BR_NL_Transient_A1.csv,2,Accelerometer,23290337,BR,NL,Transient,,A1,0,936598,25601.6,36.58,0,0.000126782,0.0116356,-0.0789009,0.0703515,0.0116356,1.83665,6.79186,113503,2.13539e-06,109.382,875.509,890.682,1459.47,0.0433327,0.261243,0.652787,0.0308212,0.0118167,0.665496,34.9766,,
BR_NL_Transient_A2.csv,2,Accelerometer,23404487,BR,NL,Transient,,A2,0,937073,25601.6,36.6,0,0.000188339,0.00330602,-0.016595,0.0164049,0.00330602,0.347342,5.07658,35961,2.13431e-06,3.1252,82.6568,12.5008,353.148,0.775447,0.213452,0.00967637,0.00105314,0.00037224,0.203144,2.72806,,
BR_OL_0.18 LPS_A1.csv,1,Accelerometer,22989617,BR,OL,0.18 LPS,,A1,0,918931,25601.6,35.89,0,0.000140839,0.0053738,-0.031328,0.0261902,0.0053738,0.0850502,5.85596,52726,2.17644e-06,106.257,891.235,409.401,3975.25,0.126801,0.378303,0.388412,0.0943157,0.0121683,0.0217908,1.10062,,
BR_OL_0.18 LPS_A2.csv,2,Accelerometer,23059294,BR,OL,0.18 LPS,,A2,0,924200,25601.6,36.1,0,0.000219654,0.00253866,-0.0135279,0.0168499,0.00253866,0.419019,6.55079,28681,2.16403e-06,3.1252,119.918,21.8764,412.526,0.648032,0.341027,0.00910679,0.00118065,0.000653612,0.160462,2.13258,,
BR_OL_0.47 LPS_A1.csv,2,Accelerometer,22983459,BR,OL,0.47 LPS,,A1,0,917447,25601.6,35.84,0,0.000148452,0.0135635,-0.0617734,0.0616025,0.0135635,-0.0473184,4.56532,115178,2.17996e-06,915.684,1029.94,903.183,3978.38,0.0645707,0.175278,0.668724,0.0844946,0.00693205,0.0309873,1.1488,,
BR_OL_0.47 LPS_A2.csv,2,Accelerometer,23170956,BR,OL,0.47 LPS,,A2,0,927602,25601.6,36.23,0,0.000217531,0.00317637,-0.0124544,0.025108,0.00317637,1.59541,7.83614,36293,2.1561e-06,3.1252,146.827,53.1284,431.278,0.596784,0.37302,0.0273299,0.00237553,0.000490623,0.211893,2.18525,,
BR_OL_ND_A1.csv,2,Accelerometer,23154350,BR,OL,ND,,A1,0,933328,25601.6,36.46,0,0.0001424,0.00102586,-0.0040659,0.00426066,0.00102586,-0.122114,4.1022,11446,2.14287e-06,59.3788,188.317,128.133,353.148,0.35692,0.624679,0.00992688,0.00534668,0.00312779,0.0424592,1.22885,,
BR_OL_ND_A2.csv,1,Accelerometer,22941449,BR,OL,ND,,A2,0,920034,25601.6,35.94,0,0.000204814,0.0024237,-0.0145883,0.0149771,0.0024237,0.711404,6.10355,28585,2.17383e-06,3.1252,137.369,90.6308,353.148,0.506503,0.483458,0.00892958,0.000792363,0.000316114,0.204027,2.13264,,
BR_OL_Transient_A1.csv,2,Accelerometer,23956193,BR,OL,Transient,,A1,0,960272,25601.6,37.51,0,0.000150478,0.0113648,-0.0848931,0.070716,0.0113648,1.86073,7.4831,112536,2.08274e-06,925.059,928.151,909.433,3262.71,0.0648291,0.222352,0.642495,0.0644012,0.00592333,0.68168,19.6541,,
BR_OL_Transient_A2.csv,2,Accelerometer,23941200,BR,OL,Transient,,A2,0,960684,25601.6,37.52,0,0.000221858,0.00303016,-0.0144669,0.0247104,0.00303016,1.82647,8.08161,35875,2.08185e-06,3.1252,122.484,25.0016,356.273,0.649976,0.337137,0.0106682,0.00163183,0.000587051,0.246656,2.68062,,
LO_CC_0.18 LPS_A1.csv,2,Accelerometer,22601124,LO,CC,0.18 LPS,,A1,0,922397,25601.6,36.03,0,0.00036387,0.000563406,-0.00239354,0.00301371,0.000563406,0.0495649,4.89418,6902,2.16826e-06,215.639,840.674,865.68,2631.42,0.107326,0.296815,0.540568,0.0428175,0.0124737,0.0276221,1.10867,,
LO_CC_0.18 LPS_A2.csv,2,Accelerometer,23141914,LO,CC,0.18 LPS,,A2,0,933164,25601.6,36.45,0,0.00120771,0.00202888,-0.00427297,0.00675074,0.00202888,-0.901546,2.73207,16203,2.14325e-06,159.385,590.316,234.39,2059.51,0.240397,0.492019,0.215331,0.0384275,0.0138252,0.00292795,1.01287,,
LO_CC_0.47 LPS_A1.csv,2,Accelerometer,22810525,LO,CC,0.47 LPS,,A1,0,918870,25601.6,35.89,0,0.000151135,0.00116179,-0.00598442,0.00540663,0.00116179,0.0272643,5.28115,13351,2.17659e-06,962.562,920.955,896.932,1746.99,0.0428645,0.223259,0.686135,0.0338418,0.013899,0.0246128,1.10736,,
LO_CC_0.47 LPS_A2.csv,1,Accelerometer,22951989,LO,CC,0.47 LPS,,A2,0,921618,25601.6,36,0,0.000348612,0.00200028,-0.00489235,0.00518244,0.00200028,-0.969523,2.62011,15039,2.1701e-06,159.385,591.261,234.39,2062.63,0.239941,0.491712,0.216033,0.038466,0.0138473,0.00277898,1.01085,,
LO_CC_ND_A1.csv,1,Accelerometer,22413324,LO,CC,ND,,A1,0,914807,25601.6,35.73,0,0.000133167,0.00042865,-0.00134555,0.0015666,0.00042865,-0.522804,3.4497,4490,2.18625e-06,59.3788,121.297,59.3788,193.762,0.765592,0.226812,0.0019086,0.00237855,0.00330877,0.0548185,1.26118,,
LO_CC_ND_A2.csv,1,Accelerometer,22817510,LO,CC,ND,,A2,0,916218,25601.6,35.79,0,0.000341011,0.00200006,-0.0050097,0.00488016,0.00200006,-0.969972,2.67527,15037,2.18289e-06,159.385,591.787,234.39,2062.63,0.239425,0.492082,0.216054,0.0385455,0.0138927,0.00317017,1.0129,,
LO_CC_Transient_A1.csv,1,Accelerometer,22409849,LO,CC,Transient,,A1,0,916232,25601.6,35.79,0,0.000142775,0.000818082,-0.00464247,0.00494776,0.000818082,1.78788,5.87348,11493,2.18285e-06,975.062,979.807,925.059,3203.33,0.0586857,0.218195,0.664152,0.0393013,0.0196656,0.605089,10.3699,,
LO_CC_Transient_A2.csv,1,Accelerometer,24789559,LO,CC,Transient,,A2,0,995187,25601.6,38.87,0,0.000346672,0.00201003,-0.00508201,0.00520081,0.00201003,-0.976181,2.7008,15111,2.00967e-06,159.385,591.473,234.39,2062.63,0.239877,0.491191,0.216613,0.0384861,0.0138321,0.00267336,1.01055,,
LO_GL_0.18 LPS_A1.csv,2,Accelerometer,23097761,LO,GL,0.18 LPS,,A1,0,920778,25601.6,35.97,0,-0.000276301,0.00603392,-0.024914,0.0446244,0.00603392,2.3921,7.44138,65803,2.17208e-06,3.1252,101.295,9.3756,306.27,0.8852,0.0811816,0.0234784,0.0075253,0.00261489,0.489965,8.55221,,
LO_GL_0.18 LPS_A2.csv,1,Accelerometer,22823552,LO,GL,0.18 LPS,,A2,0,921424,25601.6,35.99,0,0.00140523,0.00199959,-0.00414613,0.00676318,0.00199959,-0.899209,2.77625,15890,2.17055e-06,159.385,589.208,234.39,2072.01,0.240326,0.493935,0.213153,0.0387978,0.0137869,0.00332148,1.01121,,
LO_GL_0.47 LPS_A1.csv,1,Accelerometer,22906362,LO,GL,0.47 LPS,,A1,0,952151,25601.6,37.19,0,0.000157959,0.000229274,-0.00160904,0.00281355,0.000229274,27.3523,11.5826,6464,2.10051e-06,3.1252,606.084,3.1252,5937.88,0.882879,0.0223578,0.0165012,0.0287082,0.0495472,1.26597,15.4196,,
LO_GL_0.47 LPS_A2.csv,1,Accelerometer,23433536,LO,GL,0.47 LPS,,A2,0,941089,25601.6,36.76,0,0.000366065,0.00197135,-0.00468727,0.00511606,0.00197135,-0.954809,2.56338,14920,2.1252e-06,159.385,588.972,231.265,2065.76,0.24087,0.493556,0.213002,0.0387739,0.0137974,0.0031172,1.01423,,
LO_GL_ND_A1.csv,1,Accelerometer,22093408,LO,GL,ND,,A1,0,925953,25601.6,36.17,0,0.000131501,0.000103848,-0.00046127,0.00144292,0.000103848,35.1602,12.6282,2998,2.15994e-06,3.1252,1892.96,59.3788,10447.5,0.628664,0.0713568,0.0542866,0.0907331,0.154937,0.814744,7.05593,,
LO_GL_ND_A2.csv,1,Accelerometer,22999328,LO,GL,ND,,A2,0,923567,25601.6,36.07,0,0.000340475,0.00197205,-0.00512054,0.00510539,0.00197205,-0.955819,2.76921,14898,2.16552e-06,159.385,589.296,231.265,2072.01,0.240855,0.493443,0.213085,0.0388405,0.0137759,0.00364627,1.01451,,
LO_GL_Transient_A1.csv,2,Accelerometer,23424179,LO,GL,Transient,,A1,0,943403,25601.6,36.85,0,0.000138512,0.00216359,-0.0074638,0.02675,0.00216359,30.0974,12.2997,28957,2.11998e-06,3.1252,48.2347,9.3756,162.51,0.91996,0.0673562,0.0105729,0.0014847,0.000625628,0.782193,12.4022,,
LO_GL_Transient_A2.csv,2,Accelerometer,22944538,LO,GL,Transient,,A2,0,921303,25601.6,35.99,0,0.000335072,0.00197105,-0.00491546,0.00511487,0.00197105,-0.95459,2.66382,14909,2.17084e-06,159.385,589.772,231.265,2072.01,0.240726,0.493379,0.213281,0.0387822,0.0138305,0.00296655,1.01203,,
LO_LC_0.18 LPS_A1.csv,1,Accelerometer,22579534,LO,LC,0.18 LPS,,A1,0,926046,25601.6,36.17,0,0.000207762,0.000405269,-0.00191973,0.00202785,0.000405269,0.0526165,5.24958,5117,2.15972e-06,115.632,925.855,562.536,3934.63,0.177901,0.282812,0.431351,0.0944292,0.0135055,0.0324916,1.16169,,
LO_LC_0.18 LPS_A2.csv,1,Accelerometer,22831292,LO,LC,0.18 LPS,,A2,0,917199,25601.6,35.83,0,0.000416629,0.00197846,-0.00655844,0.00526957,0.00197846,-0.92873,3.5255,15495,2.18055e-06,159.385,586.773,231.265,2059.51,0.24241,0.494255,0.211011,0.0384988,0.0138246,0.0117146,1.07534,,
LO_LC_0.47 LPS_A1.csv,2,Accelerometer,22789389,LO,LC,0.47 LPS,,A1,0,920556,25601.6,35.96,0,0.000117452,0.000873557,-0.0044698,0.0042039,0.000873557,0.037088,5.25123,10270,2.1726e-06,115.632,978.458,581.287,3990.88,0.0504336,0.33581,0.502886,0.0954385,0.0154319,0.0309119,1.14079,,
LO_LC_0.47 LPS_A2.csv,1,Accelerometer,22902458,LO,LC,0.47 LPS,,A2,0,919468,25601.6,35.91,0,0.000301332,0.00198086,-0.00497295,0.0050236,0.00198086,-0.957118,2.66262,15011,3.26276e-06,159.385,589.008,231.265,2065.76,0.241198,0.493078,0.213241,0.0386423,0.0138397,0.00327992,1.01324,,
LO_LC_ND_A1.csv,2,Accelerometer,22124357,LO,LC,ND,,A1,0,913627,25601.6,35.69,0,0.000280921,0.000186671,-0.000507277,0.00106291,0.000186671,-0.035785,4.2224,2368,2.18908e-06,59.3788,415.775,90.6308,1521.97,0.527273,0.39908,0.0320377,0.0216993,0.0199079,0.0476047,1.28252,,
LO_LC_ND_A2.csv,2,Accelerometer,24434464,LO,LC,ND,,A2,0,981048,25601.6,38.32,0,0.000354848,0.00199004,-0.00498896,0.00497084,0.00199004,-0.962267,2.68528,15052,2.03864e-06,159.385,589.889,234.39,2062.63,0.240679,0.492361,0.214559,0.038557,0.0138427,0.00311984,1.01252,,
LO_LC_Transient_A1.csv,1,Accelerometer,23786547,LO,LC,Transient,,A1,0,970314,25601.6,37.9,0,0.000137319,0.000832081,-0.00683763,0.00650362,0.000832081,2.32336,8.38254,12045,2.06119e-06,118.758,899.812,896.932,2397.03,0.0978752,0.235504,0.614595,0.0314387,0.0205873,0.529015,9.17265,,
LO_LC_Transient_A2.csv,1,Accelerometer,23969282,LO,LC,Transient,,A2,0,962167,25601.6,37.58,0,0.000312936,0.00200004,-0.0048313,0.00505382,0.00200004,-0.967053,2.57207,15072,2.07864e-06,159.385,590.694,234.39,2059.51,0.240129,0.491862,0.215677,0.0384955,0.0138357,0.00352412,1.01354,,
LO_NL_0.18 LPS_A1.csv,1,Accelerometer,23001648,LO,NL,0.18 LPS,,A1,0,915898,25601.6,35.77,0,-0.00124884,0.00645115,-0.0380216,0.0289894,0.00645115,0.028282,5.70019,61241,2.18365e-06,887.557,825.335,871.931,1384.46,0.0909505,0.24177,0.628922,0.0262723,0.0120857,0.024334,1.09948,,
LO_NL_0.18 LPS_A2.csv,1,Accelerometer,23549883,LO,NL,0.18 LPS,,A2,0,935650,25601.6,36.55,0,-0.00112456,0.00210888,-0.0104721,0.00693329,0.00210888,0.0277099,4.43246,22684,2.13755e-06,93.756,141.864,100.006,246.891,0.45135,0.545523,0.00202341,0.000609621,0.000494103,0.0572756,1.26699,,
LO_NL_0.47 LPS_A1.csv,1,Accelerometer,22919087,LO,NL,0.47 LPS,,A1,0,914784,25601.6,35.73,0,0.000106427,0.0139486,-0.066999,0.0638813,0.0139486,0.00027249,4.81091,118395,2.18631e-06,903.183,882.983,887.557,1381.34,0.0296665,0.228983,0.708677,0.0222797,0.0103933,0.0224322,1.10714,,
LO_NL_0.47 LPS_A2.csv,1,Accelerometer,23040305,LO,NL,0.47 LPS,,A2,0,923354,25601.6,36.07,0,0.000306048,0.00301406,-0.0120273,0.0124205,0.00301406,0.0352313,4.09195,31753,2.16602e-06,93.756,193.091,215.639,350.022,0.303999,0.692591,0.0027854,0.00037378,0.000251183,0.0528278,1.24402,,
LO_NL_ND_A1.csv,1,Accelerometer,22804786,LO,NL,ND,,A1,0,915387,25601.6,35.76,0,0.000214253,0.00264716,-0.0124116,0.0132283,0.00264716,0.951249,4.91623,30649,2.18487e-06,59.3788,74.1446,59.3788,196.888,0.895495,0.10317,0.000761179,0.000378551,0.000195621,0.259671,3.63402,,
LO_NL_ND_A2.csv,1,Accelerometer,22681972,LO,NL,ND,,A2,0,913566,25601.6,35.68,0,0.000295958,0.00158747,-0.00772606,0.00881987,0.00158747,0.604715,5.36948,19221,2.18922e-06,206.263,213.647,203.138,403.151,0.19786,0.799384,0.00191018,0.000442557,0.000403294,0.117816,1.63249,,
LO_NL_Transient_A1.csv,1,Accelerometer,22763540,LO,NL,Transient,,A1,0,913711,25601.6,35.69,0,0.000187491,0.0121031,-0.226387,0.236164,0.0121031,27.6283,19.4972,111443,2.18888e-06,118.758,767.312,865.68,1353.21,0.0825234,0.262977,0.626247,0.0191695,0.00908332,0.771003,48.0873,,
LO_NL_Transient_A2.csv,1,Accelerometer,22310118,LO,NL,Transient,,A2,0,900671,25601.6,35.18,0,0.00032131,0.0024134,-0.0276498,0.0150699,0.0024134,7.21365,11.5899,31943,2.22057e-06,93.756,185.379,178.136,362.523,0.349934,0.645171,0.00385149,0.000604313,0.000438353,0.645292,9.83013,,
LO_OL_0.18 LPS_A1.csv,1,Accelerometer,22822009,LO,OL,0.18 LPS,,A1,0,910673,25601.6,35.57,0,-0.000433116,0.0047523,-0.0221046,0.0258,0.0047523,0.0608101,5.52009,47057,2.19618e-06,118.758,854.933,534.409,3175.2,0.147306,0.331529,0.44024,0.0730358,0.00788837,0.0255903,1.10908,,
LO_OL_0.18 LPS_A2.csv,2,Accelerometer,23107306,LO,OL,0.18 LPS,,A2,0,922566,25601.6,36.04,0,-0.000471706,0.00166068,-0.00808643,0.00626768,0.00166068,0.0545559,4.58531,18606,2.16787e-06,90.6308,163.763,93.756,328.146,0.5697,0.42355,0.00286203,0.00163441,0.00225324,0.0701208,1.33237,,
LO_OL_0.47 LPS_A1.csv,2,Accelerometer,22908192,LO,OL,0.47 LPS,,A1,0,914689,25601.6,35.73,0,8.76927e-05,0.00968201,-0.0427393,0.0506369,0.00968201,0.0236451,5.22094,87105,2.18654e-06,112.507,878.654,553.16,3078.32,0.0695415,0.341192,0.517378,0.0596122,0.0122762,0.0244182,1.10185,,
LO_OL_0.47 LPS_A2.csv,1,Accelerometer,23179397,LO,OL,0.47 LPS,,A2,0,928984,25601.6,36.29,0,0.000214793,0.00257773,-0.0102243,0.0112428,0.00257773,-0.118528,4.27821,26688,2.15289e-06,93.756,164.503,96.8812,350.022,0.506347,0.489876,0.00201142,0.00103949,0.000726933,0.0575514,1.27934,,
LO_OL_ND_A1.csv,1,Accelerometer,22832035,LO,OL,ND,,A1,0,917113,25601.6,35.82,0,0.000229413,0.00180772,-0.00773745,0.00821123,0.00180772,-0.043442,4.4154,19429,2.18076e-06,59.3788,155.277,65.6292,443.778,0.598026,0.395273,0.00429703,0.00169709,0.000705896,0.0438304,1.2459,,
LO_OL_ND_A2.csv,2,Accelerometer,22867948,LO,OL,ND,,A2,0,919421,25601.6,35.91,0,0.000311022,0.00174466,-0.00766027,0.007558,0.00174466,0.0324192,4.56896,19338,2.17528e-06,90.6308,206.182,162.51,400.026,0.43138,0.564726,0.00229315,0.0011739,0.000426406,0.0976301,1.64777,,
LO_OL_Transient_A1.csv,2,Accelerometer,23025769,LO,OL,Transient,,A1,0,921833,25601.6,36.01,0,0.000221744,0.00901992,-0.0512469,0.0576896,0.00901992,1.63672,6.37121,91926,2.16959e-06,903.183,1054.5,900.058,3909.63,0.067098,0.172373,0.672611,0.0770036,0.0109148,0.59514,7.84922,,
LO_OL_Transient_A2.csv,1,Accelerometer,23199163,LO,OL,Transient,,A2,0,931363,25601.6,36.38,0,0.000272207,0.00225059,-0.0112058,0.0101943,0.00225059,0.456663,5.10001,26007,2.14739e-06,353.148,242.58,228.14,403.151,0.238455,0.757515,0.00212237,0.00124779,0.000660692,0.218238,2.54286,,
BR_CC_0.18 LPS_P1.csv,2,Dynamic Pressure Sensor,23661637,BR,CC,0.18 LPS,,P1,0,943716,25601.6,36.86,0,16.8361,2698.45,-10218.9,11475.3,2698.45,-0.0361275,4.24631,158177,2.11928e-06,131.258,133.698,128.133,334.396,0.367125,0.62875,0.00411788,4.39555e-06,2.5347e-06,0.063899,1.30376,,
BR_CC_0.18 LPS_P2.csv,1,Dynamic Pressure Sensor,23532161,BR,CC,0.18 LPS,,P2,0,939639,25601.6,36.7,0,9.59765,203.471,-568.378,608.41,203.471,-0.256393,2.94299,14187,2.12848e-06,3.1252,68.4073,3.1252,18.7512,0.986416,0.00414754,0.00126259,0.0030907,0.00508241,0.443687,7.32503,,
BR_CC_0.47 LPS_P1.csv,2,Dynamic Pressure Sensor,25120176,BR,CC,0.47 LPS,,P1,0,1001723,25601.6,39.13,0,23.7257,3475.28,-14827.6,13631.1,3475.28,-0.135306,4.27342,195689,1.99656e-06,350.022,234.765,225.014,412.526,0.212125,0.776223,0.0116486,2.55802e-06,1.5248e-06,0.0407389,1.18854,,
BR_CC_0.47 LPS_P2.csv,1,Dynamic Pressure Sensor,25013652,BR,CC,0.47 LPS,,P2,0,1000072,25601.6,39.06,0,20.6472,136.417,-511.77,469.075,136.417,0.186533,3.90288,11405,2.99978e-06,3.1252,57.2786,9.3756,21.8764,0.987192,0.00546232,0.000996327,0.00239903,0.00395018,0.315136,3.84814,,
BR_CC_ND_P1.csv,2,Dynamic Pressure Sensor,23116727,BR,CC,ND,,P1,0,922359,25601.6,36.03,0,73.8625,4407.77,-17331,17424.7,4407.77,-0.177964,3.94867,232189,2.16835e-06,353.148,236.035,203.138,431.278,0.14626,0.846605,0.00713413,6.27183e-07,9.94284e-07,0.026074,1.11231,,
BR_CC_ND_P2.csv,2,Dynamic Pressure Sensor,23698047,BR,CC,ND,,P2,0,945805,25601.6,36.94,0,2.18599,181.328,-512.741,526.168,181.328,-0.524824,2.8897,12405,2.1146e-06,3.1252,61.4224,6.2504,12.5008,0.987701,0.0040757,0.00111074,0.00268226,0.00442988,0.377675,4.5919,,
BR_CC_Transient_P1.csv,1,Dynamic Pressure Sensor,23752534,BR,CC,Transient,,P1,0,946841,25601.6,36.98,0,18.4725,3641.37,-16145.7,18431.8,3641.37,0.284042,5.05672,201791,2.11229e-06,353.148,241.547,231.265,421.902,0.223201,0.763431,0.0133633,2.35164e-06,1.49622e-06,0.112459,2.58679,,
BR_CC_Transient_P2.csv,1,Dynamic Pressure Sensor,23915856,BR,CC,Transient,,P2,0,950481,25601.6,37.13,0,14.4272,1072.54,-2695.93,9943.22,1072.54,42.2005,9.25725,54718,2.1042e-06,3.1252,8.18958,3.1252,9.3756,0.999258,0.000276254,6.55877e-05,0.000151483,0.000248916,2.32586,59.1206,,
BR_GL_0.18 LPS_P1.csv,2,Dynamic Pressure Sensor,24443369,BR,GL,0.18 LPS,,P1,0,975143,25601.6,38.09,0,41.7834,4333.2,-16697.2,17097.6,4333.2,-0.248851,3.93607,230496,2.05098e-06,353.148,275.235,350.022,412.526,0.16781,0.820019,0.012166,3.62414e-06,9.85765e-07,0.0349975,1.16966,,
BR_GL_0.18 LPS_P2.csv,1,Dynamic Pressure Sensor,22828126,BR,GL,0.18 LPS,,P2,0,908981,25601.6,35.5,0,-9.68347,156.805,-520.989,483.389,156.805,-0.0791881,3.26077,11917,2.20027e-06,3.1252,85.3043,3.1252,28.1268,0.974973,0.0126169,0.00230205,0.00381391,0.00629308,0.378155,7.39049,,
BR_GL_0.47 LPS_P1.csv,2,Dynamic Pressure Sensor,23144520,BR,GL,0.47 LPS,,P1,0,923386,25601.6,36.07,0,22.866,4222.5,-17067.2,15876.8,4222.5,-0.310753,4.04739,222575,2.16594e-06,350.022,287.326,350.022,409.401,0.13504,0.853397,0.011559,3.46929e-06,1.04287e-06,0.024308,1.09297,,
BR_GL_0.47 LPS_P2.csv,1,Dynamic Pressure Sensor,23133424,BR,GL,0.47 LPS,,P2,0,922431,25601.6,36.03,0,-1.85549,133.402,-412.626,477.243,133.402,0.156198,3.59138,10682,2.16818e-06,3.1252,75.7113,6.2504,28.1268,0.976073,0.0132101,0.00224596,0.00321097,0.00525968,0.378753,4.50096,,
BR_GL_ND_P1.csv,2,Dynamic Pressure Sensor,22995903,BR,GL,ND,,P1,0,917225,25601.6,35.83,0,-56.229,4206.44,-17290.5,17045.7,4206.44,-0.206372,4.09713,222888,2.18049e-06,353.148,273.44,350.022,415.652,0.161123,0.825986,0.012886,4.17788e-06,1.07363e-06,0.0273004,1.11171,,
BR_GL_ND_P2.csv,2,Dynamic Pressure Sensor,23310050,BR,GL,ND,,P2,0,929024,25601.6,36.29,0,-2.35658,150.935,-588.11,572.91,150.935,0.643404,3.88083,13745,2.1528e-06,3.1252,96.3656,6.2504,28.1268,0.975489,0.0105156,0.00243687,0.0043695,0.00718794,0.487035,5.43475,,
BR_GL_Transient_P1.csv,2,Dynamic Pressure Sensor,25788524,BR,GL,Transient,,P1,0,1028422,25601.6,40.17,0,-3.64142,4409.27,-17344.8,17910.8,4409.27,-0.132373,4.0629,237022,1.94473e-06,350.022,278.388,350.022,412.526,0.150621,0.837929,0.0114454,3.57357e-06,1.01728e-06,0.0430973,1.28115,,
BR_GL_Transient_P2.csv,2,Dynamic Pressure Sensor,25058291,BR,GL,Transient,,P2,0,995561,25601.6,38.89,0,-0.484801,1000.7,-3490.46,9427.04,1000.7,41.7646,9.42097,53222,2.00892e-06,3.1252,9.61084,3.1252,9.3756,0.998223,0.00104545,0.000191933,0.000206417,0.000333254,2.0259,58.3763,,
BR_LC_0.18 LPS_P1.csv,1,Dynamic Pressure Sensor,23057464,BR,LC,0.18 LPS,,P1,0,919659,25601.6,35.92,0,19.7709,3169.16,-13667.3,12832.6,3169.16,-0.0170894,4.31884,179367,2.17472e-06,87.5056,184.179,140.634,387.525,0.306854,0.687362,0.00577919,3.27651e-06,1.81542e-06,0.0454673,1.25916,,
BR_LC_0.18 LPS_P2.csv,2,Dynamic Pressure Sensor,23154944,BR,LC,0.18 LPS,,P2,0,922650,25601.6,36.04,0,-2.23915,185.824,-571.451,581.724,185.824,0.266689,3.14256,13888,2.16767e-06,3.1252,77.9221,3.1252,18.7512,0.98439,0.0046365,0.0014855,0.00357807,0.00590958,0.461905,6.07603,,
BR_LC_0.47 LPS_P1.csv,1,Dynamic Pressure Sensor,26298450,BR,LC,0.47 LPS,,P1,0,1048572,25601.6,40.96,0,12.9207,3308.31,-13301.1,12830.6,3308.31,-0.131149,4.02441,189610,1.90736e-06,350.022,240.879,231.265,412.526,0.230462,0.75752,0.0120128,3.34664e-06,1.66877e-06,0.0341363,1.15121,,
BR_LC_0.47 LPS_P2.csv,1,Dynamic Pressure Sensor,23093867,BR,LC,0.47 LPS,,P2,0,922900,25601.6,36.05,0,11.9297,144.462,-634.447,431.957,144.462,0.12226,4.47438,11780,2.16708e-06,3.1252,54.4888,6.2504,18.7512,0.987557,0.005336,0.00101868,0.00230161,0.00378588,0.335528,3.69793,,
BR_LC_ND_P1.csv,2,Dynamic Pressure Sensor,23689008,BR,LC,ND,,P1,0,945187,25601.6,36.92,0,64.4445,4565.97,-16981.7,19359.5,4565.97,-0.281093,4.22584,238642,2.11598e-06,353.148,247.785,234.39,375.024,0.129866,0.863174,0.00695903,7.19673e-07,9.27951e-07,0.0275097,1.12978,,
BR_LC_ND_P2.csv,1,Dynamic Pressure Sensor,23681218,BR,LC,ND,,P2,0,945455,25601.6,36.93,0,8.60259,195.346,-533.847,615.527,195.346,-0.259953,3.10693,13885,2.11538e-06,3.1252,58.0525,6.2504,12.5008,0.987879,0.00432794,0.00107656,0.00253173,0.0041837,0.437439,5.64247,,
BR_LC_Transient_P1.csv,2,Dynamic Pressure Sensor,22993933,BR,LC,Transient,,P1,0,917161,25601.6,35.82,0,28.227,4205.77,-18015.8,22693.6,4205.77,0.025539,5.38912,223279,2.18064e-06,350.022,265.972,331.271,428.152,0.155713,0.830095,0.0141895,1.72548e-06,1.09621e-06,0.0577515,1.41755,,
BR_LC_Transient_P2.csv,1,Dynamic Pressure Sensor,23348322,BR,LC,Transient,,P2,0,928882,25601.6,36.28,0,7.78333,1096.86,-2729.17,10182.3,1096.86,41.8055,9.27601,52988,2.15313e-06,3.1252,8.11335,3.1252,9.3756,0.999142,0.000382225,6.99139e-05,0.000153637,0.000251821,2.25181,62.3788,,
BR_NL_0.18 LPS_P1.csv,2,Dynamic Pressure Sensor,24742474,BR,NL,0.18 LPS,,P1,0,986615,25601.6,38.54,0,5.79098,2966.46,-11759.1,13093.3,2966.46,-0.0785652,4.41184,172030,2.02713e-06,90.6308,174.408,140.634,356.273,0.30716,0.684558,0.00827616,3.55425e-06,2.08275e-06,0.0493094,1.2334,,
BR_NL_0.18 LPS_P2.csv,1,Dynamic Pressure Sensor,24557945,BR,NL,0.18 LPS,,P2,0,979005,25601.6,38.24,0,3.77201,194.609,-540.317,672.458,194.609,-0.14983,3.43605,14495,2.04289e-06,3.1252,71.2986,6.2504,28.1268,0.979043,0.0105832,0.00218189,0.00311941,0.00507168,0.395,5.11694,,
BR_NL_0.47 LPS_P1.csv,1,Dynamic Pressure Sensor,22871249,BR,NL,0.47 LPS,,P1,0,912223,25601.6,35.63,0,5.25758,3117.6,-14877.1,14172,3117.6,-0.0692065,4.77366,176282,2.19245e-06,350.022,218.722,175.011,409.401,0.226351,0.762817,0.0108272,3.2074e-06,1.8946e-06,0.0514799,1.23861,,
BR_NL_0.47 LPS_P2.csv,1,Dynamic Pressure Sensor,23430158,BR,NL,0.47 LPS,,P2,0,934054,25601.6,36.48,0,2.19298,137.697,-521.798,461.635,137.697,0.0768476,3.80538,11256,2.1412e-06,3.1252,69.452,6.2504,25.0016,0.980022,0.0104053,0.0018157,0.00294276,0.0048133,0.352636,5.38448,,
BR_NL_ND_P1.csv,1,Dynamic Pressure Sensor,23030516,BR,NL,ND,,P1,0,918590,25601.6,35.88,0,5.69079,2745.68,-17651.5,15755,2745.68,1.04478,6.43089,167239,2.17725e-06,353.148,232.749,218.764,440.653,0.148358,0.839257,0.0123807,2.59006e-06,2.43348e-06,0.0967913,1.44716,,
BR_NL_ND_P2.csv,2,Dynamic Pressure Sensor,23159068,BR,NL,ND,,P2,0,921584,25601.6,36,0,-1.54511,46.7638,-145.844,248.144,46.7638,1.085,5.33938,4450,2.17018e-06,6.2504,186.991,6.2504,131.258,0.9411,0.030223,0.00613617,0.0085718,0.013967,0.279522,2.83324,,
BR_NL_Transient_P1.csv,2,Dynamic Pressure Sensor,22988630,BR,NL,Transient,,P1,0,915758,25601.6,35.77,0,-12.6438,3233.14,-19842.9,19403.4,3233.14,1.12943,6.13343,187336,2.18398e-06,350.022,245.905,231.265,428.152,0.192107,0.790659,0.0172291,2.87208e-06,1.94825e-06,0.290442,3.88676,,
BR_NL_Transient_P2.csv,2,Dynamic Pressure Sensor,22971567,BR,NL,Transient,,P2,0,910097,25601.6,35.55,0,0.99763,1056.22,-2195.28,9883.22,1056.22,43.5368,9.35626,49411,2.19757e-06,3.1252,9.63967,6.2504,9.3756,0.998801,0.000574985,0.000118766,0.000190957,0.000314369,2.65682,251.688,,
BR_OL_0.18 LPS_P1.csv,2,Dynamic Pressure Sensor,24525068,BR,OL,0.18 LPS,,P1,0,978072,25601.6,38.2,0,18.1723,3422.97,-15205,15693,3422.97,-0.0588536,4.5793,193063,2.04484e-06,353.148,213.249,153.135,400.026,0.234436,0.75949,0.00607152,1.1755e-06,1.55076e-06,0.0438485,1.20304,,
BR_OL_0.18 LPS_P2.csv,1,Dynamic Pressure Sensor,24612938,BR,OL,0.18 LPS,,P2,0,983311,25601.6,38.41,0,12.0427,195.919,-614.796,598.059,195.919,-0.289362,3.19947,14507,2.03394e-06,3.1252,44.9591,9.3756,15.626,0.987151,0.00667762,0.00157321,0.00178661,0.00281102,0.289987,3.64899,,
BR_OL_0.47 LPS_P1.csv,2,Dynamic Pressure Sensor,23011766,BR,OL,0.47 LPS,,P1,0,917978,25601.6,35.86,0,4.07835,3990.22,-15864.5,15586.1,3990.22,-0.241322,3.97686,213406,2.1787e-06,350.022,278.989,350.022,421.902,0.133816,0.852189,0.0139918,2.22858e-06,1.14642e-06,0.0283721,1.12231,,
BR_OL_0.47 LPS_P2.csv,1,Dynamic Pressure Sensor,23655851,BR,OL,0.47 LPS,,P2,0,943988,25601.6,36.87,0,10.4752,186.035,-559.563,786.724,186.035,0.21119,4.1726,15326,2.11867e-06,12.5008,38.1658,9.3756,15.626,0.985047,0.0101507,0.00134698,0.0013276,0.00212718,0.336514,4.02646,,
BR_OL_ND_P1.csv,2,Dynamic Pressure Sensor,23045100,BR,OL,ND,,P1,0,917989,25601.6,35.86,0,-254.463,4529.36,-17434,19730.7,4529.36,-0.00585752,4.41236,237934,2.17868e-06,59.3788,168.788,131.258,353.148,0.240077,0.752551,0.00737064,5.44949e-07,8.96447e-07,0.0286667,1.16723,,
BR_OL_ND_P2.csv,2,Dynamic Pressure Sensor,23278105,BR,OL,ND,,P2,0,927866,25601.6,36.24,0,1.19659,182.254,-579.699,565.389,182.254,-0.130382,3.18728,13684,2.15548e-06,12.5008,38.9144,9.3756,15.626,0.98966,0.00581506,0.000712909,0.0014431,0.00236884,0.310395,3.30317,,
BR_OL_Transient_P1.csv,1,Dynamic Pressure Sensor,24050614,BR,OL,Transient,,P1,0,959000,25601.6,37.46,0,18.8203,4262.78,-16008.9,21236.3,4262.78,0.0567403,4.97739,227965,2.08551e-06,353.148,272.73,346.897,425.027,0.142971,0.84313,0.013897,1.58099e-06,1.07777e-06,0.0733274,1.53143,,
BR_OL_Transient_P2.csv,1,Dynamic Pressure Sensor,23870196,BR,OL,Transient,,P2,0,949320,25601.6,37.08,0,12.3224,1194.43,-3244.54,11325.7,1194.43,43.9384,9.47172,55708,2.10677e-06,3.1252,7.95918,3.1252,9.3756,0.999137,0.000427911,7.98032e-05,0.000134503,0.000220263,2.32075,48.1241,,
LO_CC_0.18 LPS_P1.csv,1,Dynamic Pressure Sensor,24020127,LO,CC,0.18 LPS,,P1,0,958113,25601.6,37.42,0,10.1555,825.758,-3854.46,3891.16,825.758,0.0719264,4.69993,58672,2.08744e-06,115.632,824.742,840.679,2350.15,0.102925,0.296389,0.547094,0.0448605,0.00873103,0.026264,1.1294,,
LO_CC_0.18 LPS_P2.csv,1,Dynamic Pressure Sensor,23891470,LO,CC,0.18 LPS,,P2,0,954088,25601.6,37.27,0,13.6754,209.173,-679.733,628.708,209.173,-0.336009,3.31501,15023,2.09624e-06,3.1252,57.4075,12.5008,93.756,0.956063,0.0388361,0.000786765,0.0016226,0.00269116,0.32771,4.45528,,
LO_CC_0.47 LPS_P1.csv,2,Dynamic Pressure Sensor,22862020,LO,CC,0.47 LPS,,P1,0,911911,25601.6,35.62,0,9.60744,1812.03,-9113.85,8668.09,1812.03,-0.0141888,5.03495,113293,2.1932e-06,956.311,932.589,900.058,1746.99,0.0355596,0.207962,0.708872,0.0369954,0.0106116,0.0270203,1.12872,,
LO_CC_0.47 LPS_P2.csv,2,Dynamic Pressure Sensor,23435803,LO,CC,0.47 LPS,,P2,0,935147,25601.6,36.53,0,4.76122,196.161,-844.946,669.951,196.161,0.373212,4.33168,16903,2.1387e-06,3.1252,64.9217,25.0016,171.886,0.9098,0.0853841,0.00108046,0.00140591,0.00232923,0.396322,5.2551,,
LO_CC_ND_P1.csv,2,Dynamic Pressure Sensor,23125816,LO,CC,ND,,P1,0,922489,25601.6,36.03,0,7.08199,808.345,-2574.93,2436.9,808.345,-0.673861,3.1942,50050,2.16805e-06,59.3788,71.9713,59.3788,121.883,0.878252,0.12083,0.000573106,0.000194967,0.000149486,0.092721,1.46811,,
LO_CC_ND_P2.csv,1,Dynamic Pressure Sensor,23032996,LO,CC,ND,,P2,0,919909,25601.6,35.93,0,17.916,213.769,-673.102,732.947,213.769,-0.395031,3.34488,15413,2.17413e-06,59.3788,55.6104,34.3772,62.504,0.974764,0.0223057,0.000389016,0.000957788,0.00158353,0.222986,2.64388,,
LO_CC_Transient_P1.csv,2,Dynamic Pressure Sensor,23449763,LO,CC,Transient,,P1,0,935607,25601.6,36.54,0,7.54722,1502.87,-23009.5,22475.8,1502.87,12.2924,15.3154,104392,2.13765e-06,125.008,849.328,846.929,1959.5,0.0895532,0.253299,0.607259,0.0379397,0.0119493,0.63692,42.6004,,
LO_CC_Transient_P2.csv,1,Dynamic Pressure Sensor,23072469,LO,CC,Transient,,P2,0,917132,25601.6,35.82,0,5.10359,1277.81,-2199.08,11504.4,1277.81,45.2247,8.9992,51177,2.18071e-06,3.1252,10.9171,3.1252,31.252,0.990579,0.00877756,0.000121413,0.000196467,0.000325602,2.34211,50.7896,,
LO_GL_0.18 LPS_P1.csv,1,Dynamic Pressure Sensor,22942325,LO,GL,0.18 LPS,,P1,0,915177,25601.6,35.75,0,8.98981,809.777,-3755.4,3694.27,809.777,0.0455555,4.64867,57033,2.18537e-06,115.632,805.752,868.806,1550.1,0.0890584,0.297737,0.571304,0.0335257,0.0083751,0.0265218,1.11976,,
LO_GL_0.18 LPS_P2.csv,2,Dynamic Pressure Sensor,23034063,LO,GL,0.18 LPS,,P2,0,919546,25601.6,35.92,0,12.5401,241.048,-699.303,854.41,241.048,-0.400274,3.49255,17476,2.17499e-06,3.1252,47.0558,12.5008,62.504,0.965944,0.0298565,0.000615162,0.00135567,0.00222882,0.381619,4.59689,,
LO_GL_0.47 LPS_P1.csv,1,Dynamic Pressure Sensor,23159318,LO,GL,0.47 LPS,,P1,0,923717,25601.6,36.08,0,8.99928,2106.66,-10186.4,9163.31,2106.66,0.00859053,4.83963,128971,2.16517e-06,115.632,773.139,840.679,1421.97,0.0339877,0.361715,0.571084,0.0278384,0.00537484,0.0309741,1.14967,,
LO_GL_0.47 LPS_P2.csv,2,Dynamic Pressure Sensor,23047866,LO,GL,0.47 LPS,,P2,0,919637,25601.6,35.92,0,9.12715,201.767,-664.61,785.511,201.767,-0.225854,3.84791,15350,2.17477e-06,3.1252,66.7238,21.8764,203.138,0.881344,0.114408,0.000843298,0.00128446,0.00211988,0.36313,3.23696,,
LO_GL_ND_P1.csv,1,Dynamic Pressure Sensor,22971879,LO,GL,ND,,P1,0,916850,25601.6,35.81,0,9.61178,255.32,-1088.71,1032.82,255.32,-0.0254024,4.30176,20212,2.18138e-06,65.6292,140.195,68.7544,393.775,0.646234,0.348775,0.00339724,0.000832808,0.000761259,0.0570757,1.26348,,
LO_GL_ND_P2.csv,2,Dynamic Pressure Sensor,22960342,LO,GL,ND,,P2,0,916902,25601.6,35.81,0,6.46179,233.67,-780.332,868.886,233.67,0.158804,3.69077,18804,2.18126e-06,3.1252,43.8402,12.5008,43.7528,0.989936,0.00582373,0.000561975,0.00138857,0.00228986,0.470356,5.97872,,
LO_GL_Transient_P1.csv,2,Dynamic Pressure Sensor,24372135,LO,GL,Transient,,P1,0,971203,25601.6,37.94,0,-46.2464,1602.87,-8641.93,9389.71,1602.87,1.90462,5.88691,116143,2.0593e-06,115.632,737.086,600.038,1415.72,0.0482836,0.397095,0.52175,0.0273884,0.0054828,0.629728,9.17778,,
LO_GL_Transient_P2.csv,2,Dynamic Pressure Sensor,22710474,LO,GL,Transient,,P2,0,903630,25601.6,35.3,0,23.1621,1252.78,-3401.58,11045.9,1252.78,42.8433,8.79865,54102,2.2133e-06,3.1252,10.2975,3.1252,25.0016,0.99155,0.00786062,9.5974e-05,0.000186394,0.000307453,2.19613,55.2107,,
LO_LC_0.18 LPS_P1.csv,1,Dynamic Pressure Sensor,23042970,LO,LC,0.18 LPS,,P1,0,917875,25601.6,35.85,0,-51.1392,642.64,-4264.26,3480.29,642.64,0.0867722,6.55596,46813,2.17895e-06,115.632,936.097,834.428,3597.11,0.137008,0.242733,0.530814,0.0811378,0.00830755,0.0366911,1.1885,,
LO_LC_0.18 LPS_P2.csv,2,Dynamic Pressure Sensor,22940091,LO,LC,0.18 LPS,,P2,0,916703,25601.6,35.81,0,23.5796,241.103,-801.196,784.379,241.103,-0.0901769,3.42084,18637,2.18173e-06,3.1252,48.0538,12.5008,87.5056,0.976848,0.0188771,0.000598084,0.00138477,0.00229173,0.432785,6.90127,,
LO_LC_0.47 LPS_P1.csv,1,Dynamic Pressure Sensor,22982647,LO,LC,0.47 LPS,,P1,0,916692,25601.6,35.81,0,5.31073,1398.67,-7159.55,6588.74,1398.67,0.0160867,5.12262,91091,2.18176e-06,115.632,1032.47,828.178,4112.76,0.0433029,0.255118,0.593838,0.097273,0.0104687,0.0273931,1.13212,,
LO_LC_0.47 LPS_P2.csv,1,Dynamic Pressure Sensor,23453061,LO,LC,0.47 LPS,,P2,0,935337,25601.6,36.53,0,1.8344,248.314,-806.129,715.318,248.314,-0.44021,3.2538,17559,2.13827e-06,3.1252,49.9253,12.5008,100.006,0.943478,0.0531244,0.000609538,0.00104893,0.0017385,0.31296,3.10906,,
LO_LC_ND_P1.csv,1,Dynamic Pressure Sensor,23318504,LO,LC,ND,,P1,0,925965,25601.6,36.17,0,-73.9657,262.552,-5213.99,2945.11,262.552,0.489118,19.5772,21168,2.15991e-06,59.3788,269.288,68.7544,912.558,0.580146,0.361261,0.0266131,0.0280231,0.00395588,0.0661704,1.36099,,
LO_LC_ND_P2.csv,2,Dynamic Pressure Sensor,23152511,LO,LC,ND,,P2,0,923133,25601.6,36.06,0,-4.81189,216.017,-722.027,604.286,216.017,-0.379446,3.32018,15315,2.16654e-06,3.1252,49.2684,12.5008,59.3788,0.991877,0.00319857,0.00065366,0.00160622,0.00266407,0.302347,2.91136,,
LO_LC_Transient_P1.csv,1,Dynamic Pressure Sensor,24723860,LO,LC,Transient,,P1,0,986299,25601.6,38.52,0,10.5789,1272.64,-14780.5,13747,1272.64,3.77021,11.6224,96047,2.02778e-06,975.062,936.501,903.183,2709.55,0.0630551,0.217568,0.665134,0.039724,0.0145189,0.623954,17.9219,,
LO_LC_Transient_P2.csv,1,Dynamic Pressure Sensor,24299992,LO,LC,Transient,,P2,0,965427,25601.6,37.71,0,3.28947,1208.17,-2345.04,11374.9,1208.17,49.3027,9.41223,50592,2.07162e-06,3.1252,10.233,3.1252,25.0016,0.993973,0.00539006,0.000149185,0.000183473,0.000304143,2.2542,66.9354,,
LO_NL_0.18 LPS_P1.csv,1,Dynamic Pressure Sensor,23011225,LO,NL,0.18 LPS,,P1,0,918056,25601.6,35.86,0,15.85,915.138,-4193.15,4535.54,915.138,0.0400987,4.93881,63346,2.17852e-06,115.632,728.017,825.053,1371.96,0.0798311,0.322301,0.570331,0.0224146,0.00512289,0.0228482,1.10338,,
LO_NL_0.18 LPS_P2.csv,1,Dynamic Pressure Sensor,23328199,LO,NL,0.18 LPS,,P2,0,930668,25601.6,36.35,0,15.8607,200.206,-527.54,734.079,200.206,-0.341596,3.5874,14251,2.14899e-06,3.1252,58.7326,12.5008,106.257,0.945633,0.0491753,0.000791429,0.00166043,0.00273943,0.330096,3.42362,,
LO_NL_0.47 LPS_P1.csv,1,Dynamic Pressure Sensor,22585252,LO,NL,0.47 LPS,,P1,0,900909,25601.6,35.19,0,13.0282,2235.26,-10239.6,9974.59,2235.26,-0.00246011,4.58679,134694,2.21998e-06,115.632,764.211,843.804,1371.96,0.0323689,0.326972,0.612326,0.0247325,0.00360045,0.0262538,1.13843,,
LO_NL_0.47 LPS_P2.csv,1,Dynamic Pressure Sensor,22893746,LO,NL,0.47 LPS,,P2,0,914117,25601.6,35.71,0,11.8682,220.23,-749.926,965.684,220.23,0.799224,4.33101,19425,2.1879e-06,3.1252,65.7989,21.8764,206.263,0.875756,0.119983,0.000949001,0.00124565,0.00206626,0.345728,4.31781,,
LO_NL_ND_P1.csv,1,Dynamic Pressure Sensor,23228585,LO,NL,ND,,P1,0,928022,25601.6,36.25,0,13.4728,140.828,-1096.64,945.689,140.828,1.77935,7.88277,14826,2.15512e-06,218.764,173.622,209.388,243.766,0.396255,0.590177,0.00923614,0.00325691,0.00107463,0.20656,2.36528,,
LO_NL_ND_P2.csv,1,Dynamic Pressure Sensor,22569187,LO,NL,ND,,P2,0,907396,25601.6,35.44,0,6.87846,19.8575,-173.096,205.527,19.8575,6.08949,10.0037,3442,2.20411e-06,40.6276,658.643,40.6276,6197.27,0.885546,0.019222,0.0126171,0.0310775,0.0515317,0.428479,4.24288,,
LO_NL_Transient_P1.csv,2,Dynamic Pressure Sensor,23576090,LO,NL,Transient,,P1,0,940919,25601.6,36.75,0,13.8394,1723.91,-9862.44,10727.3,1723.91,1.91556,6.21459,122393,2.12558e-06,115.632,746.99,828.178,1387.59,0.0392401,0.364366,0.566662,0.0238091,0.00592325,0.697272,21.5943,,
LO_NL_Transient_P2.csv,2,Dynamic Pressure Sensor,23504065,LO,NL,Transient,,P2,0,930717,25601.6,36.35,0,11.5518,1218.54,-1738.13,11204.5,1218.54,49.5423,9.18558,49399,2.14888e-06,3.1252,11.2601,3.1252,25.0016,0.988761,0.010541,0.000129089,0.000214176,0.000354956,2.51364,413.488,,
LO_OL_0.18 LPS_P1.csv,2,Dynamic Pressure Sensor,23036249,LO,OL,0.18 LPS,,P1,0,918847,25601.6,35.89,0,16.1346,2955.24,-12939.4,13099.5,2955.24,-0.0608645,4.4272,169376,2.17664e-06,87.5056,141.682,106.257,353.148,0.480764,0.514688,0.00454114,4.25832e-06,2.0795e-06,0.0649864,1.32171,,
LO_OL_0.18 LPS_P2.csv,2,Dynamic Pressure Sensor,22991624,LO,OL,0.18 LPS,,P2,0,917482,25601.6,35.84,0,12.6461,194.449,-694.936,818.343,194.449,0.380908,4.14348,16787,2.17988e-06,3.1252,64.284,31.252,93.756,0.957114,0.0372566,0.000788015,0.00182328,0.00301768,0.376196,3.54203,,
LO_OL_0.47 LPS_P1.csv,1,Dynamic Pressure Sensor,23141914,LO,OL,0.47 LPS,,P1,0,922925,25601.6,36.05,0,3.98621,3226.02,-12840.4,12974.4,3226.02,-0.0934028,4.02056,181543,2.16702e-06,350.022,203.683,150.01,400.026,0.295755,0.693046,0.0111934,3.63252e-06,1.76169e-06,0.0407954,1.20398,,
LO_OL_0.47 LPS_P2.csv,2,Dynamic Pressure Sensor,22906124,LO,OL,0.47 LPS,,P2,0,914160,25601.6,35.71,0,3.49216,179.7,-633.962,598.302,179.7,-0.128869,3.54731,13560,2.1878e-06,34.3772,72.5518,31.252,121.883,0.902894,0.0921099,0.000876655,0.0015538,0.00256581,0.33251,3.40069,,
LO_OL_ND_P1.csv,2,Dynamic Pressure Sensor,23165390,LO,OL,ND,,P1,0,923936,25601.6,36.09,0,6.98208,3900.24,-16246.2,16752.7,3900.24,-0.0936789,4.29349,211495,2.16465e-06,353.148,229.103,196.888,421.902,0.260116,0.72718,0.0127004,1.87787e-06,1.22369e-06,0.0389437,1.18203,,
LO_OL_ND_P2.csv,1,Dynamic Pressure Sensor,23276885,LO,OL,ND,,P2,0,928464,25601.6,36.27,0,4.34094,181.134,-645.202,554.067,181.134,-0.0541161,3.58598,13858,2.1541e-06,3.1252,67.6337,21.8764,56.2536,0.98186,0.0111645,0.000924295,0.00227429,0.00377614,0.415249,5.07367,,
LO_OL_Transient_P1.csv,1,Dynamic Pressure Sensor,23998236,LO,OL,Transient,,P1,0,956991,25601.6,37.38,0,-16.089,4473.72,-21524.6,23743.1,4473.72,-0.0806937,5.31083,235557,2.08988e-06,353.148,264.697,340.647,409.401,0.193503,0.795936,0.0105564,3.41579e-06,1.02214e-06,0.0872194,1.95289,,
LO_OL_Transient_P2.csv,1,Dynamic Pressure Sensor,26380170,LO,OL,Transient,,P2,0,1048572,25601.6,40.96,0,4.44719,1029.98,-2446.78,9637.3,1029.98,46.2164,9.35246,49808,1.90736e-06,3.1252,16.5894,3.1252,34.3772,0.982307,0.016701,0.000151488,0.000317127,0.000523341,2.47492,49.4298,,
BR_CC_0.18 LPS_N_H1.raw,2,Hydrophone,1285840,BR,CC,0.18 LPS,N,H1,,321460,8000,40.18,0,34.6923,5684.65,-22497,21099,5684.65,-0.0382855,3.9636,30383,6.22161e-06,11.7188,13.4517,11.7188,16.6016,0.999226,0.000737745,3.33521e-05,2.50401e-06,0,0.22336,2.42063,0,0
BR_CC_0.18 LPS_N_H2.raw,2,Hydrophone,1285840,BR,CC,0.18 LPS,N,H2,,321460,8000,40.18,0,-5.02718,2841.48,-10670,10129,2841.48,-0.0659699,3.75332,16498,6.22161e-06,11.7188,12.0356,11.7188,16.6016,0.999756,5.14393e-05,0.000122199,6.99159e-05,0,0.185429,1.94295,0,0
BR_CC_0.47 LPS_N_H1.raw,2,Hydrophone,1147840,BR,CC,0.47 LPS,N,H1,,286960,8000,35.87,0,48.6589,9989.55,-32768,32767,9989.55,-0.181838,3.2851,47027,0.000466964,10.7422,12.6497,10.7422,15.625,0.999349,0.000356449,0.000216975,7.80451e-05,0,0.264527,3.12618,0,0
BR_CC_0.47 LPS_N_H2.raw,2,Hydrophone,1147840,BR,CC,0.47 LPS,N,H2,,286960,8000,35.87,0,1.88681,4604.52,-16417,14493,4604.52,-0.224081,3.56582,24456,6.96961e-06,10.7422,11.4551,10.7422,16.6016,0.999933,2.97991e-05,2.69479e-05,1.0477e-05,0,0.234301,2.49308,0,0
BR_CC_ND_N_H1.raw,2,Hydrophone,1166840,BR,CC,ND,N,H1,,291710,8000,36.46,0,24.8118,5025.05,-17650,16036,5025.05,-0.148138,3.51734,26598,6.85612e-06,10.7422,11.9148,10.7422,15.625,0.999833,0.000144469,2.00809e-05,2.09356e-06,0,0.293924,3.68024,0,0
BR_CC_ND_N_H2.raw,2,Hydrophone,1166840,BR,CC,ND,N,H2,,291710,8000,36.46,0,-0.723174,2404.33,-7447,8020,2404.33,-0.175963,3.33595,13603,6.85612e-06,10.7422,11.6218,10.7422,15.625,0.999794,4.05154e-05,0.000101221,6.41367e-05,0,0.290206,3.26906,0,0
BR_CC_ND_NN_H1.raw,2,Hydrophone,1185840,BR,CC,ND,NN,H1,,296460,8000,37.06,0,38.003,10436.5,-32041,32767,10436.5,-0.197762,3.136,49553,9.7821e-05,10.7422,11.3417,10.7422,13.6719,0.999931,6.74939e-05,1.35328e-06,2.06014e-08,0,0.311215,2.98975,0,0
BR_CC_ND_NN_H2.raw,2,Hydrophone,1185840,BR,CC,ND,NN,H2,,296460,8000,37.06,0,-3.6896,4778.98,-14026,14435,4778.98,-0.289417,3.02129,24839,6.74627e-06,10.7422,11.2126,10.7422,14.6484,0.999941,4.29271e-05,9.0064e-06,7.26462e-06,0,0.29292,2.8357,0,0
BR_CC_Transient_N_H1.raw,2,Hydrophone,1396840,BR,CC,Transient,N,H1,,349210,8000,43.65,0,9.45203,6593.52,-32768,32767,6593.52,1.51698,4.97116,33460,0.00197302,11.7188,11.6538,11.7188,16.6016,0.999774,0.000219932,6.06593e-06,4.08125e-07,0,0.398006,6.41264,0,0
BR_CC_Transient_N_H2.raw,2,Hydrophone,1396840,BR,CC,Transient,N,H2,,349210,8000,43.65,0,-2.04801,5525.7,-32768,32767,5525.7,11.5814,5.9303,30240,0.00416655,6.83594,8.6464,6.83594,12.6953,0.999963,2.38525e-05,8.45384e-06,5.00271e-06,0,0.94004,11.9071,0,0
BR_CC_Transient_NN_H1.raw,2,Hydrophone,1324840,BR,CC,Transient,NN,H1,,331210,8000,41.4,0,8.30208,6798.07,-32768,32767,6798.07,2.31593,4.82141,36194,0.00229462,11.7188,11.5164,11.7188,16.6016,0.999841,0.00015739,1.2405e-06,1.47265e-08,0,0.429993,6.51502,0,0
BR_CC_Transient_NN_H2.raw,2,Hydrophone,1324840,BR,CC,Transient,NN,H2,,331210,8000,41.4,0,-4.16653,5477.62,-32768,32767,5477.62,12.0249,5.98274,30390,0.004396,6.83594,8.75879,6.83594,12.6953,0.999965,2.03714e-05,4.79686e-06,1.0258e-05,0,0.895244,14.1038,0,0
BR_GL_0.18 LPS_N_H1.raw,2,Hydrophone,1216840,BR,GL,0.18 LPS,N,H1,,304210,8000,38.03,0,25.0971,4224.93,-16909,15928,4224.93,0.044863,4.00814,23447,6.57441e-06,11.7188,17.5639,12.6953,57.6172,0.999041,0.00093791,1.90656e-05,2.34692e-06,0,0.195571,2.4489,0,0
BR_GL_0.18 LPS_N_H2.raw,2,Hydrophone,1216840,BR,GL,0.18 LPS,N,H2,,304210,8000,38.03,0,-2.72257,1603.51,-5994,6130,1603.51,0.0827573,3.82456,10083,6.57441e-06,11.7188,11.7085,11.7188,16.6016,0.999827,8.5877e-05,6.97747e-05,1.71684e-05,0,0.185395,2.6113,0,0
BR_GL_0.47 LPS_N_H1.raw,1,Hydrophone,1164840,BR,GL,0.47 LPS,N,H1,,291210,8000,36.4,0,28.3274,6812.85,-28110,29035,6812.85,0.761182,4.25764,36362,6.8679e-06,10.7422,13.8313,11.7188,39.0625,0.998837,0.00114909,1.30967e-05,7.11593e-07,0,0.378545,5.61689,0,0
BR_GL_0.47 LPS_N_H2.raw,2,Hydrophone,1164840,BR,GL,0.47 LPS,N,H2,,291210,8000,36.4,0,-3.8426,2354.87,-9956,9826,2354.87,0.720907,4.2262,15134,6.8679e-06,10.7422,11.2254,10.7422,15.625,0.999922,3.92093e-05,2.96193e-05,9.3285e-06,0,0.341448,4.85014,0,0
BR_GL_ND_N_H1.raw,2,Hydrophone,1321840,BR,GL,ND,N,H1,,330460,8000,41.31,0,23.3501,6985.04,-23926,25365,6985.04,-0.164092,3.62799,35797,6.05217e-06,11.7188,12.8022,11.7188,15.625,0.999839,0.000151478,8.15079e-06,1.23229e-06,0,0.316953,3.62721,0,0
BR_GL_ND_N_H2.raw,2,Hydrophone,1197840,BR,GL,ND,N,H2,,299460,8000,37.43,0,-3.44361,2556.3,-11288,12136,2556.3,0.695062,4.74883,15686,6.67869e-06,11.7188,11.2723,11.7188,13.6719,0.999933,2.67235e-05,2.26793e-05,1.80545e-05,0,0.317074,4.65612,0,0
BR_GL_ND_NN_H1.raw,2,Hydrophone,1299840,BR,GL,ND,NN,H1,,324960,8000,40.62,0,28.9158,6625.04,-25315,25744,6625.04,0.158666,3.8815,35532,6.1546e-06,11.7188,11.9931,11.7188,13.6719,0.99986,0.00013846,1.73102e-06,1.22001e-08,0,0.348261,3.30196,0,0
BR_GL_ND_NN_H2.raw,2,Hydrophone,1299840,BR,GL,ND,NN,H2,,324960,8000,40.62,0,-3.68396,2165.69,-7847,7552,2165.69,0.0919081,3.62162,13311,1.23092e-05,11.7188,11.3711,11.7188,14.6484,0.999967,3.07803e-05,1.84662e-06,4.64576e-08,0,0.335954,3.02961,0,0
BR_GL_Transient_N_H1.raw,2,Hydrophone,1628840,BR,GL,Transient,N,H1,,407210,8000,50.9,0,16.6088,7521.49,-32768,32767,7521.49,1.12756,4.35879,38381,0.00321456,10.7422,12.5537,10.7422,20.5078,0.999408,0.000584705,6.62954e-06,8.33357e-07,0,0.358692,5.42704,0,0
BR_GL_Transient_N_H2.raw,2,Hydrophone,1628840,BR,GL,Transient,N,H2,,407210,8000,50.9,0,-4.03035,4313.46,-32768,32767,4313.46,22.714,7.59739,25164,0.0033619,6.83594,8.06033,6.83594,12.6953,0.999968,2.61732e-05,4.45148e-06,1.47945e-06,0,1.05205,17.9859,0,0
BR_GL_Transient_NN_H1.raw,2,Hydrophone,1662840,BR,GL,Transient,NN,H1,,415710,8000,51.96,0,21.1314,7598.93,-32768,32767,7598.93,1.74205,4.31497,40949,0.0040052,11.7188,12.2616,11.7188,19.5312,0.999402,0.000590867,6.90484e-06,5.0024e-07,0,0.447724,7.30935,0,0
BR_GL_Transient_NN_H2.raw,2,Hydrophone,1662840,BR,GL,Transient,NN,H2,,415710,8000,51.96,0,-4.0554,4230.31,-32768,32767,4230.31,23.006,7.74673,25270,0.0031368,6.83594,8.38459,6.83594,13.6719,0.999973,2.63957e-05,5.41598e-07,2.30701e-07,0,1.00505,16.8637,0,0
BR_LC_0.18 LPS_N_H1.raw,2,Hydrophone,1171840,BR,LC,0.18 LPS,N,H1,,292960,8000,36.62,0,22.5147,4284.82,-14226,14344,4284.82,-0.183413,3.34238,23127,1.02403e-05,10.7422,12.5096,11.7188,15.625,0.999489,0.000476951,2.98377e-05,3.95186e-06,0,0.241651,3.06117,0,0
BR_LC_0.18 LPS_N_H2.raw,2,Hydrophone,1171840,BR,LC,0.18 LPS,N,H2,,292960,8000,36.62,0,-0.459247,2191.3,-7623,8073,2191.3,-0.116911,3.68433,12882,6.82687e-06,11.7188,11.2977,10.7422,15.625,0.99983,2.45879e-05,7.08695e-05,7.44935e-05,0,0.185861,2.76633,0,0
BR_LC_0.47 LPS_N_H1.raw,1,Hydrophone,1218840,BR,LC,0.47 LPS,N,H1,,304710,8000,38.09,0,22.3274,6062.7,-23654,23274,6062.7,0.154996,3.90525,32479,6.56362e-06,10.7422,12.7796,10.7422,18.5547,0.999554,0.000425009,1.8692e-05,2.24794e-06,0,0.371642,4.18829,0,0
BR_LC_0.47 LPS_N_H2.raw,2,Hydrophone,1218840,BR,LC,0.47 LPS,N,H2,,304710,8000,38.09,0,-3.7461,2980.85,-11626,10282,2980.85,0.0656844,3.89898,17238,6.56362e-06,10.7422,11.5394,10.7422,15.625,0.99992,1.96459e-05,3.23874e-05,2.76209e-05,0,0.33205,3.73806,0,0
BR_LC_ND_N_H1.raw,2,Hydrophone,1180840,BR,LC,ND,N,H1,,295210,8000,36.9,0,19.1255,5924.86,-21565,21185,5924.86,0.0764438,3.64297,31384,6.77484e-06,10.7422,11.4577,10.7422,14.6484,0.999831,0.000152269,1.44518e-05,2.24087e-06,0,0.29509,3.16922,0,0
BR_LC_ND_N_H2.raw,1,Hydrophone,1180840,BR,LC,ND,N,H2,,295210,8000,36.9,0,-2.90247,2588.14,-10075,9594,2588.14,0.0591344,3.89164,15204,6.77484e-06,10.7422,11.4026,10.7422,15.625,0.999915,3.05859e-05,3.33211e-05,2.09938e-05,0,0.293656,3.27382,0,0
BR_LC_ND_NN_H1.raw,2,Hydrophone,1193840,BR,LC,ND,NN,H1,,298460,8000,37.31,0,20.3903,6838.58,-27721,27972,6838.58,0.279658,4.08734,35058,6.70107e-06,10.7422,11.2525,10.7422,12.6953,0.999914,8.47159e-05,9.18031e-07,1.07948e-08,0,0.352866,5.92911,0,0
BR_LC_ND_NN_H2.raw,2,Hydrophone,1193840,BR,LC,ND,NN,H2,,298460,8000,37.31,0,-2.70073,2987.82,-12291,12439,2987.82,0.223134,4.16415,17410,6.70107e-06,10.7422,11.3895,10.7422,14.6484,0.999881,3.04398e-05,2.36014e-05,6.45325e-05,0,0.342301,6.03069,0,0
BR_LC_Transient_N_H1.raw,1,Hydrophone,1339840,BR,LC,Transient,N,H1,,334960,8000,41.87,0,11.9838,6505.86,-32768,32767,6505.86,1.88434,5.03853,33505,0.00207786,10.7422,13.2467,10.7422,21.4844,0.998833,0.00105052,0.000102724,1.41029e-05,0,0.409526,6.28864,0,0
BR_LC_Transient_N_H2.raw,1,Hydrophone,1339840,BR,LC,Transient,N,H2,,334960,8000,41.87,0,-19.0179,5744.72,-32768,32767,5744.72,10.6702,5.70716,30161,0.00578278,7.8125,9.09521,7.8125,12.6953,0.999922,4.88248e-05,2.35373e-05,5.41417e-06,0,0.853052,14.672,0,0
BR_LC_Transient_NN_H1.raw,1,Hydrophone,1336840,BR,LC,Transient,NN,H1,,334210,8000,41.78,0,19.0188,7008.87,-32768,32767,7008.87,0.893703,4.67793,34752,0.00165764,10.7422,12.3732,10.7422,16.6016,0.998984,0.00094053,6.57283e-05,9.3263e-06,0,0.345319,5.29375,0,0
BR_LC_Transient_NN_H2.raw,2,Hydrophone,1336840,BR,LC,Transient,NN,H2,,334210,8000,41.78,0,-13.2038,5640.3,-32768,32767,5640.3,9.38898,5.81178,30313,0.00401843,7.8125,9.15572,7.8125,12.6953,0.999964,3.14978e-05,2.29793e-06,2.36921e-06,0,0.778649,14.3594,0,0
BR_NL_0.18 LPS_N_H1.raw,2,Hydrophone,1117840,BR,NL,0.18 LPS,N,H1,,279460,8000,34.93,0,28.39,8556.6,-27961,27806,8556.6,-0.511712,3.27109,39977,7.15666e-06,10.7422,12.5569,10.7422,15.625,0.999779,0.000216516,3.99973e-06,3.89082e-07,0,0.231192,2.4552,0,0
BR_NL_0.18 LPS_N_H2.raw,2,Hydrophone,1117840,BR,NL,0.18 LPS,N,H2,,279460,8000,34.93,0,-1.94903,2697.17,-8374,8584,2697.17,-0.496045,3.18332,14434,7.15666e-06,10.7422,11.2946,10.7422,15.625,0.99996,1.52196e-05,1.87867e-05,5.70285e-06,0,0.210693,2.36653,0,0
BR_NL_0.47 LPS_N_H1.raw,2,Hydrophone,1167840,BR,NL,0.47 LPS,N,H1,,291960,8000,36.49,0,32.1415,8062.16,-27177,25900,8062.16,0.0443176,3.37492,40890,6.85025e-06,10.7422,12.887,10.7422,16.6016,0.999196,0.000795631,7.36731e-06,9.33078e-07,0,0.363942,4.23006,0,0
BR_NL_0.47 LPS_N_H2.raw,2,Hydrophone,1167840,BR,NL,0.47 LPS,N,H2,,291960,8000,36.49,0,-0.0751028,2591.49,-8791,9832,2591.49,0.0690383,3.79398,15275,6.85025e-06,10.7422,11.1724,10.7422,15.625,0.999903,2.6597e-05,5.33271e-05,1.69682e-05,0,0.304929,3.17114,0,0
BR_NL_ND_N_H1.raw,2,Hydrophone,1226840,BR,NL,ND,N,H1,,306710,8000,38.34,0,27.3697,1827.36,-13311,10848,1827.36,3.78451,7.29926,13857,6.52082e-06,10.7422,35.9619,53.7109,59.5703,0.99771,0.00219288,8.56828e-05,1.1275e-05,0,0.452238,6.06792,0,0
BR_NL_ND_N_H2.raw,2,Hydrophone,1226840,BR,NL,ND,N,H2,,306710,8000,38.34,0,-2.30657,446.986,-4499,3814,446.986,14.4219,10.06,5376,9.78123e-06,10.7422,16.533,10.7422,27.3438,0.997369,0.000237734,0.00142073,0.000972422,0,0.814553,16.4818,0,0
BR_NL_ND_NN_H1.raw,2,Hydrophone,1165840,BR,NL,ND,NN,H1,,291460,8000,36.43,0,26.6865,3522.65,-14524,13971,3522.65,0.87641,4.1306,21627,6.86201e-06,10.7422,13.0261,10.7422,16.6016,0.999346,0.000648249,5.51799e-06,5.84593e-08,0,0.45093,8.57907,0,0
BR_NL_ND_NN_H2.raw,2,Hydrophone,1165840,BR,NL,ND,NN,H2,,291460,8000,36.43,0,-2.6295,1155.66,-4515,4824,1155.66,0.903587,4.17652,8246,6.86201e-06,10.7422,13.561,10.7422,16.6016,0.998463,5.49036e-05,0.00121456,0.000267093,0,0.44875,28.669,0,0
BR_NL_Transient_N_H1.raw,2,Hydrophone,1961840,BR,NL,Transient,N,H1,,490460,8000,61.31,0,15.0944,6045.36,-32768,32767,6045.36,4.31837,5.42285,37002,0.00274436,10.7422,12.8449,10.7422,20.5078,0.998748,0.00117202,6.9458e-05,1.02711e-05,0,0.658675,23.2092,0,0
BR_NL_Transient_N_H2.raw,2,Hydrophone,1961840,BR,NL,Transient,N,H2,,490460,8000,61.31,0,-2.85128,4097.35,-32768,32767,4097.35,26.1103,7.99781,27460,0.00279533,6.83594,7.73033,6.83594,11.7188,0.999975,1.64102e-05,5.7558e-06,2.83759e-06,0,1.3472,177.49,0,0
BR_NL_Transient_NN_H1.raw,2,Hydrophone,1477840,BR,NL,Transient,NN,H1,,369460,8000,46.18,0,21.5167,5729.06,-32768,32767,5729.06,6.65687,5.72337,32618,0.00424403,10.7422,13.2283,10.7422,21.4844,0.997844,0.00210555,4.39316e-05,6.02757e-06,0,0.779119,26.367,0,0
BR_NL_Transient_NN_H2.raw,2,Hydrophone,1477840,BR,NL,Transient,NN,H2,,369460,8000,46.18,0,-2.34711,4491.78,-32768,32767,4491.78,24.4698,7.29541,26487,0.00478266,6.83594,7.80129,6.83594,14.6484,0.999957,4.15393e-05,7.56587e-07,2.57252e-07,0,1.47553,216.046,0,0
BR_OL_0.18 LPS_N_H1.raw,2,Hydrophone,1160840,BR,OL,0.18 LPS,N,H1,,290210,8000,36.28,0,34.7425,8915.96,-30951,31163,8915.96,0.0658192,3.4913,44247,6.89156e-06,11.7188,13.033,11.7188,15.625,0.999607,0.000388802,3.95064e-06,2.7765e-07,0,0.306647,4.26086,0,0
BR_OL_0.18 LPS_N_H2.raw,2,Hydrophone,1160840,BR,OL,0.18 LPS,N,H2,,290210,8000,36.28,0,3.07538,4197.17,-13656,15555,4197.17,0.0498308,3.70533,23336,6.89156e-06,11.7188,12.3865,11.7188,15.625,0.999879,8.50962e-05,3.29845e-05,2.54141e-06,0,0.293558,3.29744,0,0
BR_OL_0.47 LPS_N_H1.raw,2,Hydrophone,1157840,BR,OL,0.47 LPS,N,H1,,289460,8000,36.18,0,28.6675,8266.62,-29752,30261,8266.62,-0.0669004,3.65716,41245,6.90942e-06,11.7188,15.2166,11.7188,54.6875,0.999251,0.000744345,4.89888e-06,2.46862e-07,0,0.283773,3.46747,0,0
BR_OL_0.47 LPS_N_H2.raw,2,Hydrophone,1157840,BR,OL,0.47 LPS,N,H2,,289460,8000,36.18,0,-0.574888,3852.67,-12476,11446,3852.67,-0.13013,3.23812,21050,1.03641e-05,11.7188,12.301,11.7188,16.6016,0.999819,0.000133252,4.44085e-05,3.77127e-06,0,0.300149,3.67271,0,0
BR_OL_ND_N_H1.raw,2,Hydrophone,1159840,BR,OL,ND,N,H1,,289960,8000,36.24,0,24.6112,8776.25,-30668,31403,8776.25,-0.0175778,3.57537,43144,6.8975e-06,11.7188,13.5639,11.7188,16.6016,0.999807,0.000188516,3.87795e-06,4.59678e-07,0,0.311017,3.61614,0,0
BR_OL_ND_N_H2.raw,2,Hydrophone,1159840,BR,OL,ND,N,H2,,289960,8000,36.24,0,-4.22975,4081.49,-13848,14527,4081.49,-0.0230969,3.56028,22670,6.8975e-06,11.7188,12.5457,11.7188,15.625,0.999558,0.000412182,2.77939e-05,2.00108e-06,0,0.310418,3.64465,0,0
BR_OL_ND_NN_H1.raw,2,Hydrophone,1195840,BR,OL,ND,NN,H1,,298960,8000,37.37,0,27.1261,8724.76,-30132,29364,8724.76,0.144889,3.45673,44142,6.68986e-06,11.7188,12.2295,11.7188,15.625,0.999759,0.000240314,1.10155e-06,1.10516e-08,0,0.32089,3.49998,0,0
BR_OL_ND_NN_H2.raw,2,Hydrophone,1195840,BR,OL,ND,NN,H2,,298960,8000,37.37,0,-2.65469,3971.85,-13420,13450,3971.85,0.143459,3.387,22564,1.00348e-05,11.7188,12.1044,11.7188,15.625,0.999861,0.00013776,1.57385e-06,1.9646e-08,0,0.335584,3.62282,0,0
BR_OL_Transient_N_H1.raw,2,Hydrophone,1218840,BR,OL,Transient,N,H1,,304710,8000,38.09,0,30.8532,9958.39,-32768,32767,9958.39,0.669873,3.29359,47628,0.00777132,11.7188,13.9836,11.7188,35.1562,0.999394,0.000598924,6.70387e-06,3.93367e-07,0,0.393124,4.59833,0,0
BR_OL_Transient_N_H2.raw,2,Hydrophone,1218840,BR,OL,Transient,N,H2,,304710,8000,38.09,0,-0.329976,6410.41,-32768,32767,6410.41,8.05108,5.11163,32048,0.00849332,7.8125,9.90452,8.78906,12.6953,0.999903,8.51955e-05,1.09335e-05,6.50449e-07,0,0.79044,11.2606,0,0
BR_OL_Transient_NN_H1.raw,2,Hydrophone,1160840,BR,OL,Transient,NN,H1,,290210,8000,36.28,0,11.4249,9172.14,-32768,32767,9172.14,0.826172,3.5738,43388,0.00688812,11.7188,12.6559,11.7188,16.6016,0.999461,0.000535972,2.97311e-06,3.08541e-08,0,0.385342,6.60105,0,0
BR_OL_Transient_NN_H2.raw,2,Hydrophone,1160840,BR,OL,Transient,NN,H2,,290210,8000,36.28,0,-8.27933,6315.03,-32768,32767,6315.03,8.96195,5.19004,30347,0.00867648,7.8125,9.76391,8.78906,13.6719,0.99992,7.81423e-05,1.97004e-06,2.16059e-08,0,0.802965,14.6844,0,0
LO_CC_0.18 LPS_N_H1.raw,1,Hydrophone,1229840,LO,CC,0.18 LPS,N,H1,,307460,8000,38.43,0,32.5783,6020.99,-23490,23257,6020.99,0.140012,3.90676,32321,6.50491e-06,12.6953,24.7187,13.6719,64.4531,0.994128,0.00586423,7.25853e-06,2.72273e-07,0,0.25885,2.57125,0,0
LO_CC_0.18 LPS_N_H2.raw,2,Hydrophone,1229840,LO,CC,0.18 LPS,N,H2,,307460,8000,38.43,0,-5.02745,8331.5,-30689,31095,8331.5,0.564166,3.73283,43718,6.50491e-06,12.6953,12.7482,12.6953,13.6719,0.999973,2.38431e-05,2.52894e-06,2.15337e-07,0,0.445079,7.08559,0,0
LO_CC_0.47 LPS_N_H1.raw,1,Hydrophone,1281840,LO,CC,0.47 LPS,N,H1,,320460,8000,40.06,0,32.2089,5478.02,-20622,19096,5478.02,-0.124229,3.77038,29125,6.24103e-06,12.6953,29.6355,23.4375,66.4062,0.989462,0.0105109,2.65179e-05,9.72752e-07,0,0.100297,1.50608,0,0
LO_CC_0.47 LPS_N_H2.raw,2,Hydrophone,1281840,LO,CC,0.47 LPS,N,H2,,320460,8000,40.06,0,-4.67681,6112.52,-22332,20090,6112.52,-0.413936,3.65272,30600,9.36154e-06,11.7188,13.6748,11.7188,28.3203,0.999879,0.000112896,7.70488e-06,4.40463e-07,0,0.225269,2.57649,0,0
LO_CC_ND_N_H1.raw,1,Hydrophone,1196840,LO,CC,ND,N,H1,,299210,8000,37.4,0,22.5122,8118.9,-28509,27328,8118.9,-0.379262,3.51421,39189,6.68427e-06,58.5938,55.3244,58.5938,62.5,0.986872,0.0131254,2.33052e-06,7.64996e-08,0,0.226337,3.15063,0,0
LO_CC_ND_N_H2.raw,1,Hydrophone,1196840,LO,CC,ND,N,H2,,299210,8000,37.4,0,-2.45836,5525.34,-18279,17811,5525.34,-0.270353,3.30777,28349,6.68427e-06,12.6953,13.4938,12.6953,30.2734,0.999618,0.000363941,1.69419e-05,7.27889e-07,0,0.230013,2.6081,0,0
LO_CC_ND_NN_H1.raw,1,Hydrophone,1153840,LO,CC,ND,NN,H1,,288460,8000,36.06,0,26.9655,4975.91,-16144,15287,4975.91,-0.835405,3.24985,23314,6.93337e-06,58.5938,55.6007,58.5938,60.5469,0.996748,0.00325114,4.34557e-07,9.51097e-09,0,0.100113,1.71113,0,0
LO_CC_ND_NN_H2.raw,1,Hydrophone,1153840,LO,CC,ND,NN,H2,,288460,8000,36.06,0,-12.9586,6805.16,-22415,20881,6805.16,-0.0952852,3.29192,34678,6.93337e-06,12.6953,13.91,12.6953,21.4844,0.999954,4.38063e-05,1.74178e-06,3.94361e-08,0,0.349453,4.6107,0,0
LO_CC_Transient_N_H1.raw,1,Hydrophone,1246840,LO,CC,Transient,N,H1,,311710,8000,38.96,0,24.8843,3413.01,-32768,32767,3413.01,15.5042,9.6082,19529,0.000615957,12.6953,27.5934,19.5312,65.4297,0.993827,0.00615319,1.92012e-05,2.92198e-07,0,0.5423,6.58027,0,0
LO_CC_Transient_N_H2.raw,2,Hydrophone,1246840,LO,CC,Transient,N,H2,,311710,8000,38.96,0,1.23807,4347.38,-32768,32767,4347.38,13.8142,7.53769,21877,0.0022553,12.6953,13.5708,12.6953,21.4844,0.999865,0.000128688,5.81602e-06,2.57482e-07,0,0.652267,9.92435,0,0
LO_CC_Transient_NN_H1.raw,2,Hydrophone,1159840,LO,CC,Transient,NN,H1,,289960,8000,36.24,0,24.7638,3636.9,-32768,32059,3636.9,8.82572,9.01668,21138,0.000131053,12.6953,26.6973,13.6719,64.4531,0.994744,0.00524824,7.23828e-06,6.97013e-08,0,0.443006,4.57695,0,0
LO_CC_Transient_NN_H2.raw,1,Hydrophone,1159840,LO,CC,Transient,NN,H2,,289960,8000,36.24,0,-1.5903,8653.8,-32768,32767,8653.8,1.28661,3.78661,40161,0.00794247,12.6953,13.4447,12.6953,21.4844,0.999812,0.00018541,2.64503e-06,2.01607e-07,0,0.462509,8.05595,0,0
LO_GL_0.18 LPS_N_H1.raw,2,Hydrophone,1169840,LO,GL,0.18 LPS,N,H1,,292460,8000,36.56,0,24.4613,5825.17,-20447,21431,5825.17,-0.12452,3.67484,30367,6.83854e-06,12.6953,24.8115,12.6953,63.4766,0.996911,0.00307874,9.6193e-06,4.61687e-07,0,0.223384,2.56882,0,0
LO_GL_0.18 LPS_N_H2.raw,2,Hydrophone,1169840,LO,GL,0.18 LPS,N,H2,,292460,8000,36.56,0,3.80886,7521.4,-24760,24714,7521.4,-0.245943,3.29245,37015,6.83854e-06,12.6953,12.751,12.6953,13.6719,0.999939,5.05519e-05,1.02634e-05,2.70165e-07,0,0.368862,4.68328,0,0
LO_GL_0.47 LPS_N_H1.raw,2,Hydrophone,1171840,LO,GL,0.47 LPS,N,H1,,292960,8000,36.62,0,27.9465,5641.74,-20973,20753,5641.74,-0.135799,3.72243,29381,6.82687e-06,12.6953,29.6983,21.4844,64.4531,0.986801,0.0131787,2.01678e-05,6.01537e-07,0,0.155218,1.7984,0,0
LO_GL_0.47 LPS_N_H2.raw,2,Hydrophone,1171840,LO,GL,0.47 LPS,N,H2,,292960,8000,36.62,0,-4.61221,6221.84,-18973,22125,6221.84,-0.351428,3.55677,31136,6.82687e-06,12.6953,13.4445,12.6953,21.4844,0.999825,0.000156286,1.77505e-05,6.01663e-07,0,0.306586,3.43242,0,0
LO_GL_ND_N_H1.raw,2,Hydrophone,1167840,LO,GL,ND,N,H1,,291960,8000,36.49,0,27.7842,5893.65,-22357,24811,5893.65,-0.110036,4.20507,30505,6.85025e-06,12.6953,33.7478,13.6719,67.3828,0.997949,0.00204098,9.58381e-06,7.73883e-07,0,0.176947,1.98678,0,0
LO_GL_ND_N_H2.raw,2,Hydrophone,1167840,LO,GL,ND,N,H2,,291960,8000,36.49,0,-3.46718,6796.9,-21324,22256,6796.9,-0.278996,3.27494,33870,6.85025e-06,12.6953,12.7334,12.6953,13.6719,0.999937,4.84432e-05,1.40673e-05,4.58244e-07,0,0.326821,3.8118,0,0
LO_GL_ND_NN_H1.raw,2,Hydrophone,1165840,LO,GL,ND,NN,H1,,291460,8000,36.43,0,28.069,6722.73,-23010,24793,6722.73,-0.224403,3.68376,33682,6.86201e-06,12.6953,27.3272,12.6953,66.4062,0.998451,0.00154679,2.07526e-06,1.66829e-08,0,0.210819,2.03543,0,0
LO_GL_ND_NN_H2.raw,2,Hydrophone,1165840,LO,GL,ND,NN,H2,,291460,8000,36.43,0,-4.94811,8546.51,-27425,27661,8546.51,-0.441517,3.2371,40390,1.0293e-05,12.6953,12.757,12.6953,13.6719,0.999971,2.8846e-05,3.24949e-07,3.0913e-09,0,0.348758,4.6947,0,0
LO_GL_Transient_N_H1.raw,2,Hydrophone,1183840,LO,GL,Transient,N,H1,,295960,8000,36.99,0,24.7666,5818.3,-32768,32767,5818.3,2.78684,5.63614,30307,0.00190228,12.6953,28.8896,21.4844,64.4531,0.990606,0.00937729,1.65547e-05,4.25791e-07,0,0.316307,3.94982,0,0
LO_GL_Transient_N_H2.raw,2,Hydrophone,1183840,LO,GL,Transient,N,H2,,295960,8000,36.99,0,0.867479,6342.21,-32768,32767,6342.21,2.43412,5.16679,31397,0.00269631,12.6953,13.7873,12.6953,22.4609,0.999791,0.000196076,1.2961e-05,3.68563e-07,0,0.389056,5.48074,0,0
LO_GL_Transient_NN_H1.raw,2,Hydrophone,1210840,LO,GL,Transient,NN,H1,,302710,8000,37.84,0,25.6125,6037,-32768,32767,6037,2.86801,5.43211,31655,0.00176406,12.6953,27.0853,19.5312,64.4531,0.991054,0.00893524,1.02666e-05,7.36582e-08,0,0.377389,3.91707,0,0
LO_GL_Transient_NN_H2.raw,2,Hydrophone,1210840,LO,GL,Transient,NN,H2,,302710,8000,37.84,0,-3.13055,6871.05,-32768,32767,6871.05,3.2133,4.76931,35400,0.00392124,12.6953,13.6027,12.6953,21.4844,0.999805,0.000193722,1.2304e-06,1.76818e-08,0,0.536824,6.88842,0,0
LO_LC_0.18 LPS_N_H1.raw,2,Hydrophone,1182840,LO,LC,0.18 LPS,N,H1,,295710,8000,36.96,0,28.9694,6971.95,-26136,28422,6971.95,0.210803,4.07247,36590,6.76338e-06,11.7188,22.0439,11.7188,60.5469,0.998885,0.00110791,6.5976e-06,2.024e-07,0,0.321887,3.59486,0,0
LO_LC_0.18 LPS_N_H2.raw,2,Hydrophone,1182840,LO,LC,0.18 LPS,N,H2,,295710,8000,36.96,0,-7.27849,10113.9,-32768,32767,10113.9,0.210034,3.24053,49065,0.00204592,11.7188,11.9444,11.7188,12.6953,0.999972,2.03187e-05,5.53056e-06,2.55227e-06,0,0.451465,6.80463,0,0
LO_LC_0.47 LPS_N_H1.raw,2,Hydrophone,1169840,LO,LC,0.47 LPS,N,H1,,292460,8000,36.56,0,29.8746,5706.43,-21441,19786,5706.43,-0.0570612,3.76257,30085,6.83854e-06,11.7188,25.2158,12.6953,59.5703,0.99788,0.00209648,2.29097e-05,5.3097e-07,0,0.225584,2.48658,0,0
LO_LC_0.47 LPS_N_H2.raw,2,Hydrophone,1169840,LO,LC,0.47 LPS,N,H2,,292460,8000,36.56,0,-6.46548,6579.1,-23811,23588,6579.1,0.0547993,3.61821,34293,6.83854e-06,11.7188,12.6363,11.7188,19.5312,0.999926,6.68477e-05,7.03034e-06,5.54764e-07,0,0.40615,4.17483,0,0
LO_LC_ND_N_H1.raw,2,Hydrophone,1210840,LO,LC,ND,N,H1,,302710,8000,37.84,0,26.4384,6007.76,-22404,20374,6007.76,-0.0827076,3.73358,31361,6.60698e-06,12.6953,26.5621,12.6953,62.5,0.999305,0.000683531,1.14763e-05,4.78133e-07,0,0.247227,2.68149,0,0
LO_LC_ND_N_H2.raw,2,Hydrophone,1210840,LO,LC,ND,N,H2,,302710,8000,37.84,0,-3.44087,7276.47,-23540,23971,7276.47,-0.120119,3.29479,37028,6.60698e-06,12.6953,12.4727,12.6953,13.6719,0.999968,2.6024e-05,5.66066e-06,3.28196e-07,0,0.418579,6.64007,0,0
LO_LC_ND_NN_H1.raw,2,Hydrophone,1151840,LO,LC,ND,NN,H1,,287960,8000,35.99,0,23.4054,5441.39,-20769,20600,5441.39,-0.166569,3.82116,28356,6.94541e-06,12.6953,30.18,13.6719,62.5,0.999211,0.000783342,5.16565e-06,3.62644e-08,0,0.152012,1.92624,0,0
LO_LC_ND_NN_H2.raw,2,Hydrophone,1151840,LO,LC,ND,NN,H2,,287960,8000,35.99,0,3.74773,6023.79,-18735,17837,6023.79,-0.366306,3.11079,30400,6.94541e-06,12.6953,12.546,12.6953,13.6719,0.999962,3.58748e-05,1.84119e-06,2.40529e-07,0,0.28252,4.39581,0,0
LO_LC_Transient_N_H1.raw,1,Hydrophone,1203840,LO,LC,Transient,N,H1,,300960,8000,37.62,0,-25.7909,11658.2,-32768,32767,11658.2,1.6262,2.81285,49182,0.0398093,7.8125,25.4553,25.3906,58.5938,0.998387,0.00159125,2.16713e-05,3.52542e-07,0,0.581794,8.4241,0,0
LO_LC_Transient_N_H2.raw,2,Hydrophone,1203840,LO,LC,Transient,N,H2,,300960,8000,37.62,0,-31.2001,8875.84,-32768,32767,8875.84,6.09338,3.69522,36011,0.0308945,6.83594,9.96327,7.8125,26.3672,0.999724,0.000270937,4.34119e-06,8.81083e-07,0,0.948761,11.3865,0,0
LO_LC_Transient_NN_H1.raw,2,Hydrophone,1161840,LO,LC,Transient,NN,H1,,290460,8000,36.31,0,36.2789,7426.05,-32768,32767,7426.05,1.453,4.41746,37217,0.00257867,12.6953,32.8195,22.4609,61.5234,0.998234,0.0017589,6.84185e-06,4.62652e-08,0,0.297852,3.22193,0,0
LO_LC_Transient_NN_H2.raw,2,Hydrophone,1161840,LO,LC,Transient,NN,H2,,290460,8000,36.31,0,-2.37829,7585.67,-32768,32767,7585.67,2.19267,4.31991,38378,0.00466501,11.7188,13.0939,11.7188,21.4844,0.999871,0.000127247,1.23154e-06,7.19059e-07,0,0.540139,7.65429,0,0
LO_NL_0.18 LPS_N_H1.raw,1,Hydrophone,1159840,LO,NL,0.18 LPS,N,H1,,289960,8000,36.24,0,29.5336,4375.12,-16353,16848,4375.12,-0.103319,3.84411,23635,1.03463e-05,24.4141,24.7867,24.4141,36.1328,0.999505,0.00046854,2.50647e-05,8.95302e-07,0,0.161255,2.48437,0,0
LO_NL_0.18 LPS_N_H2.raw,2,Hydrophone,1159840,LO,NL,0.18 LPS,N,H2,,289960,8000,36.24,0,-6.47431,6836.01,-26652,26541,6836.01,-0.0419723,3.89782,34938,6.8975e-06,24.4141,30.3408,26.3672,60.5469,0.990467,0.00952541,5.92476e-06,1.45668e-06,0,0.118023,1.73063,0,0
LO_NL_0.47 LPS_N_H1.raw,2,Hydrophone,1258840,LO,NL,0.47 LPS,N,H1,,314710,8000,39.34,0,29.6899,4463.73,-15824,16414,4463.73,0.020899,3.67054,24819,6.35506e-06,24.4141,25.7099,24.4141,36.1328,0.998889,0.001021,8.70562e-05,2.88584e-06,0,0.205937,2.37235,0,0
LO_NL_0.47 LPS_N_H2.raw,2,Hydrophone,1258840,LO,NL,0.47 LPS,N,H2,,314710,8000,39.34,0,0.868441,7836.36,-31687,32767,7836.36,0.0169692,4.1813,39913,1.90652e-05,24.4141,29.8232,26.3672,48.8281,0.994259,0.00573237,7.39113e-06,1.68929e-06,0,0.161893,1.91625,0,0
LO_NL_ND_N_H1.raw,1,Hydrophone,1383840,LO,NL,ND,N,H1,,345960,8000,43.24,0,31.3019,2123.79,-11055,11704,2123.79,2.60384,5.49616,15961,8.67152e-06,24.4141,26.5903,24.4141,41.0156,0.999777,0.000117835,0.000100693,4.56508e-06,0,0.557729,19.9716,0,0
LO_NL_ND_N_H2.raw,1,Hydrophone,1383840,LO,NL,ND,N,H2,,345960,8000,43.24,0,-2.18886,3448.28,-18760,17708,3448.28,2.57054,5.43976,23949,5.78102e-06,24.4141,32.715,26.3672,58.5938,0.996403,0.00357184,2.05249e-05,4.34683e-06,0,0.473682,7.22322,0,0
LO_NL_ND_NN_H1.raw,1,Hydrophone,1161840,LO,NL,ND,NN,H1,,290460,8000,36.31,0,30.8472,4621.74,-21842,26253,4621.74,1.21653,5.67366,26893,6.88563e-06,24.4141,25.6157,24.4141,40.0391,0.999873,0.000120727,5.81126e-06,2.8543e-08,0,0.32805,4.70314,0,0
LO_NL_ND_NN_H2.raw,2,Hydrophone,1161840,LO,NL,ND,NN,H2,,290460,8000,36.31,0,-1.88081,7360.36,-32768,32767,7360.36,0.979319,4.45208,39132,0.000509537,24.4141,32.4759,25.3906,58.5938,0.996831,0.00316785,1.15519e-06,1.34091e-08,0,0.268501,4.11017,0,0
LO_NL_Transient_N_H1.raw,2,Hydrophone,1154840,LO,NL,Transient,N,H1,,288710,8000,36.09,0,30.823,3600.28,-20967,26192,3600.28,3.89594,7.26642,23662,6.92737e-06,24.4141,24.8446,24.4141,40.0391,0.999449,0.000513596,3.64346e-05,5.50359e-07,0,0.617093,24.0626,0,0
LO_NL_Transient_N_H2.raw,1,Hydrophone,1154840,LO,NL,Transient,N,H2,,288710,8000,36.09,0,-6.11174,5756.07,-32768,32767,5756.07,4.55879,5.69366,32434,0.00207821,24.4141,31.0971,26.3672,57.6172,0.99354,0.00644566,1.2807e-05,1.69722e-06,0,0.549192,9.94947,0,0
LO_NL_Transient_NN_H1.raw,1,Hydrophone,1143840,LO,NL,Transient,NN,H1,,285960,8000,35.74,0,30.6576,3916.54,-32768,32767,3916.54,10.2342,8.37439,23873,0.0010421,24.4141,22.4578,24.4141,36.1328,0.998902,0.00105166,4.65872e-05,9.16858e-08,0,0.742348,37.1497,0,0
LO_NL_Transient_NN_H2.raw,1,Hydrophone,1143840,LO,NL,Transient,NN,H2,,285960,8000,35.74,0,-5.90552,6864.17,-32768,32767,6864.17,3.99895,4.77449,36526,0.00533291,26.3672,30.0818,26.3672,56.6406,0.991644,0.00833471,2.14774e-05,2.59981e-07,0,0.655908,14.764,0,0
LO_OL_0.18 LPS_N_H1.raw,2,Hydrophone,1179840,LO,OL,0.18 LPS,N,H1,,294960,8000,36.87,0,27.5343,6056.58,-22348,23281,6056.58,-0.0395064,3.83937,31579,6.78058e-06,9.76562,22.0704,10.7422,61.5234,0.997064,0.00292089,1.34628e-05,1.76332e-06,0,0.243675,2.68792,0,0
LO_OL_0.18 LPS_N_H2.raw,2,Hydrophone,1179840,LO,OL,0.18 LPS,N,H2,,294960,8000,36.87,0,-3.85712,5924.15,-18082,19007,5924.15,-0.239755,3.20905,30146,6.78058e-06,9.76562,10.1295,9.76562,10.7422,0.999975,1.31913e-05,7.58191e-06,4.28609e-06,0,0.378882,6.05339,0,0
LO_OL_0.47 LPS_N_H1.raw,2,Hydrophone,1164840,LO,OL,0.47 LPS,N,H1,,291210,8000,36.4,0,24.9833,5615.87,-20998,23547,5615.87,0.00723495,4.18849,29827,6.8679e-06,9.76562,26.7946,20.5078,60.5469,0.994399,0.00557155,2.67108e-05,2.84808e-06,0,0.182142,2.21198,0,0
LO_OL_0.47 LPS_N_H2.raw,2,Hydrophone,1164840,LO,OL,0.47 LPS,N,H2,,291210,8000,36.4,0,2.37176,4619.86,-14113,14726,4619.86,-0.11153,3.18703,24851,6.8679e-06,9.76562,10.0748,9.76562,10.7422,0.999959,3.12603e-05,7.77397e-06,1.94498e-06,0,0.380213,5.08169,0,0
LO_OL_ND_N_H1.raw,2,Hydrophone,1168840,LO,OL,ND,N,H1,,292210,8000,36.53,0,26.9771,3912.53,-16861,16365,3912.53,0.0406359,4.31638,21799,1.02666e-05,24.4141,36.3098,25.3906,65.4297,0.997939,0.00203323,2.6284e-05,1.49173e-06,0,0.103038,1.59746,0,0
LO_OL_ND_N_H2.raw,2,Hydrophone,1168840,LO,OL,ND,N,H2,,292210,8000,36.53,0,-1.8339,1688.58,-5984,5258,1688.58,-0.341498,3.54272,9571,6.84439e-06,9.76562,11.7207,9.76562,19.5312,0.99984,7.83631e-05,7.26727e-05,9.4613e-06,0,0.228794,2.62311,0,0
LO_OL_ND_NN_H1.raw,2,Hydrophone,1154840,LO,OL,ND,NN,H1,,288710,8000,36.09,0,25.2683,3920.81,-14707,13831,3920.81,-0.037042,3.75746,21726,6.92737e-06,24.4141,34.3923,24.4141,64.4531,0.998002,0.00199162,6.01841e-06,5.50073e-08,0,0.109721,1.61899,0,0
LO_OL_ND_NN_H2.raw,2,Hydrophone,1154840,LO,OL,ND,NN,H2,,288710,8000,36.09,0,-0.705095,1721.18,-5750,5718,1721.18,-0.195208,3.34033,10058,1.0391e-05,9.76562,11.6467,9.76562,19.5312,0.999914,6.37506e-05,8.86265e-06,1.35502e-05,0,0.304684,3.30836,0,0
LO_OL_Transient_N_H1.raw,1,Hydrophone,1185840,LO,OL,Transient,N,H1,,296460,8000,37.06,0,40.2991,5403.73,-32768,32767,5403.73,6.71079,6.07142,29161,0.00257708,9.76562,22.88,18.5547,59.5703,0.996315,0.00366818,1.67197e-05,3.90837e-07,0,0.544811,6.32345,0,0
LO_OL_Transient_N_H2.raw,2,Hydrophone,1185840,LO,OL,Transient,N,H2,,296460,8000,37.06,0,-5.78706,4641.95,-32768,32767,4641.95,20.9632,7.06014,24210,0.00343385,9.76562,10.1938,9.76562,10.7422,0.999949,4.25129e-05,7.13785e-06,1.21093e-06,0,1.29578,19.6422,0,0
LO_OL_Transient_NN_H1.raw,2,Hydrophone,1183840,LO,OL,Transient,NN,H1,,295960,8000,36.99,0,31.16,5507.31,-32768,32767,5507.31,5.51947,5.95557,29104,0.00196986,9.76562,23.0095,19.5312,58.5938,0.995416,0.00457094,1.31253e-05,5.65403e-08,0,0.46163,5.37519,0,0
LO_OL_Transient_NN_H2.raw,2,Hydrophone,1183840,LO,OL,Transient,NN,H2,,295960,8000,36.99,0,-9.27161,4556,-32768,32767,4556,18.784,7.19409,26007,0.00275037,9.76562,10.1609,9.76562,10.7422,0.999956,4.28177e-05,5.48573e-07,1.91756e-07,0,1.10375,18.6263,0,0
Background Noise_H1.raw,1,Hydrophone,1274840,,BG,,,H1,,318710,8000,39.84,0,27.3196,137.931,-757,763,137.931,0.107914,5.68632,1129,6.2753e-06,19.5312,313.59,19.5312,1363.28,0.671931,0.0427711,0.28442,0.000878761,0,0.147321,1.78737,0,0
Background Noise_H2.raw,1,Hydrophone,1274840,,BG,,,H2,,318710,8000,39.84,0,-2.18659,30.9778,-370,300,30.9778,1.84215,11.8734,387,6.2753e-06,12.6953,917.613,754.883,2157.23,0.162214,0.00701091,0.749687,0.0810881,0,0.304024,4.2611,0,0
