sensor_type,task,seed,score
A,detect,-1,0.7031
A,detect,0,0.4688
A,detect,1,0.4609
A,detect,2,0.4609
A,detect,3,0.4531
A,detect,4,0.4609
A,detect,5,0.4766
A,detect,6,0.5469
A,detect,7,0.4922
A,detect,8,0.4609
A,detect,9,0.5938
A,detect,10,0.4453
A,detect,11,0.4531
A,detect,12,0.4297
A,detect,13,0.5000
A,detect,14,0.5938
A,detect,15,0.4766
A,detect,16,0.5469
A,detect,17,0.5000
A,detect,18,0.4766
A,detect,19,0.5234
A,detect,20,0.4688
A,detect,21,0.4453
A,detect,22,0.4609
A,detect,23,0.4453
A,detect,24,0.4922
A,detect,25,0.4531
A,detect,26,0.4688
A,detect,27,0.4609
A,detect,28,0.5469
A,detect,29,0.4297
A,detect,30,0.4609
A,detect,31,0.4688
A,detect,32,0.4688
A,detect,33,0.4531
A,detect,34,0.4688
A,detect,35,0.4531
A,detect,36,0.5312
A,detect,37,0.4609
A,detect,38,0.4531
A,detect,39,0.4609
A,detect,40,0.4453
A,detect,41,0.4922
A,detect,42,0.4609
A,detect,43,0.4844
A,detect,44,0.5000
A,detect,45,0.3906
A,detect,46,0.5156
A,detect,47,0.5078
A,detect,48,0.4531
A,detect,49,0.4297
A,detect,50,0.4297
A,detect,51,0.4922
A,detect,52,0.4766
A,detect,53,0.4609
A,detect,54,0.4453
A,detect,55,0.4922
A,detect,56,0.5391
A,detect,57,0.5547
A,detect,58,0.4375
A,detect,59,0.4453
A,detect,60,0.6484
A,detect,61,0.4453
A,detect,62,0.4844
A,detect,63,0.4531
A,detect,64,0.4766
A,detect,65,0.4844
A,detect,66,0.4688
A,detect,67,0.5234
A,detect,68,0.4609
A,detect,69,0.5000
A,detect,70,0.4609
A,detect,71,0.4609
A,detect,72,0.4766
A,detect,73,0.4766
A,detect,74,0.5000
A,detect,75,0.4453
A,detect,76,0.4609
A,detect,77,0.5000
A,detect,78,0.4844
A,detect,79,0.5000
A,detect,80,0.4688
A,detect,81,0.4766
A,detect,82,0.4609
A,detect,83,0.4922
A,detect,84,0.5156
A,detect,85,0.4844
A,detect,86,0.4844
A,detect,87,0.4688
A,detect,88,0.4688
A,detect,89,0.4688
A,detect,90,0.4609
A,detect,91,0.5625
A,detect,92,0.4531
A,detect,93,0.4688
A,detect,94,0.4609
A,detect,95,0.4609
A,detect,96,0.4844
A,detect,97,0.5781
A,detect,98,0.4688
A,detect,99,0.4453
A,detect,100,0.6094
A,detect,101,0.4453
A,detect,102,0.4609
A,detect,103,0.5625
A,detect,104,0.4609
A,detect,105,0.4688
A,detect,106,0.4922
A,detect,107,0.4766
A,detect,108,0.5156
A,detect,109,0.5078
A,detect,110,0.5000
A,detect,111,0.5781
A,detect,112,0.4219
A,detect,113,0.5156
A,detect,114,0.4844
A,detect,115,0.4609
A,detect,116,0.4766
A,detect,117,0.5234
A,detect,118,0.4922
A,detect,119,0.5078
A,detect,120,0.4609
A,detect,121,0.4453
A,detect,122,0.4531
A,detect,123,0.4766
A,detect,124,0.4531
A,detect,125,0.4922
A,detect,126,0.4297
A,detect,127,0.4922
A,detect,128,0.5000
A,detect,129,0.4453
A,detect,130,0.5859
A,detect,131,0.5312
A,detect,132,0.4766
A,detect,133,0.4922
A,detect,134,0.5391
A,detect,135,0.4844
A,detect,136,0.4766
A,detect,137,0.5469
A,detect,138,0.4844
A,detect,139,0.4531
A,detect,140,0.4688
A,detect,141,0.5156
A,detect,142,0.4062
A,detect,143,0.5000
A,detect,144,0.4375
A,detect,145,0.4375
A,detect,146,0.4922
A,detect,147,0.4609
A,detect,148,0.4922
A,detect,149,0.4766
A,detect,150,0.4531
A,detect,151,0.4766
A,detect,152,0.4375
A,detect,153,0.4844
A,detect,154,0.4609
A,detect,155,0.4531
A,detect,156,0.5859
A,detect,157,0.4297
A,detect,158,0.5156
A,detect,159,0.5156
A,detect,160,0.4844
A,detect,161,0.5000
A,detect,162,0.4844
A,detect,163,0.5078
A,detect,164,0.5234
A,detect,165,0.4688
A,detect,166,0.5000
A,detect,167,0.4766
A,detect,168,0.5859
A,detect,169,0.4844
A,detect,170,0.6484
A,detect,171,0.4297
A,detect,172,0.4766
A,detect,173,0.4688
A,detect,174,0.5781
A,detect,175,0.4297
A,detect,176,0.4688
A,detect,177,0.5078
A,detect,178,0.4688
A,detect,179,0.4609
A,detect,180,0.4609
A,detect,181,0.5703
A,detect,182,0.4609
A,detect,183,0.4062
A,detect,184,0.5078
A,detect,185,0.4531
A,detect,186,0.5078
A,detect,187,0.4766
A,detect,188,0.4766
A,detect,189,0.4844
A,detect,190,0.4531
A,detect,191,0.4609
A,detect,192,0.4609
A,detect,193,0.5156
A,detect,194,0.4922
A,detect,195,0.5938
A,detect,196,0.5391
A,detect,197,0.5234
A,detect,198,0.4531
A,detect,199,0.4609
A,type,-1,0.6000
A,type,0,0.1625
A,type,1,0.1500
A,type,2,0.1500
A,type,3,0.0500
A,type,4,0.1375
A,type,5,0.1250
A,type,6,0.2000
A,type,7,0.2000
A,type,8,0.1250
A,type,9,0.0625
A,type,10,0.1000
A,type,11,0.1250
A,type,12,0.0875
A,type,13,0.2000
A,type,14,0.2125
A,type,15,0.1125
A,type,16,0.2000
A,type,17,0.1000
A,type,18,0.1500
A,type,19,0.2250
A,type,20,0.0750
A,type,21,0.1875
A,type,22,0.0375
A,type,23,0.1125
A,type,24,0.1000
A,type,25,0.0750
A,type,26,0.1375
A,type,27,0.0500
A,type,28,0.2250
A,type,29,0.1375
A,type,30,0.0625
A,type,31,0.1250
A,type,32,0.1500
A,type,33,0.1000
A,type,34,0.0875
A,type,35,0.0750
A,type,36,0.1875
A,type,37,0.2000
A,type,38,0.1125
A,type,39,0.1875
A,type,40,0.1000
A,type,41,0.1375
A,type,42,0.1125
A,type,43,0.2125
A,type,44,0.1125
A,type,45,0.0625
A,type,46,0.0875
A,type,47,0.1125
A,type,48,0.1000
A,type,49,0.1875
A,type,50,0.1625
A,type,51,0.1375
A,type,52,0.1500
A,type,53,0.2125
A,type,54,0.1125
A,type,55,0.0875
A,type,56,0.0750
A,type,57,0.2000
A,type,58,0.1250
A,type,59,0.2500
A,type,60,0.1750
A,type,61,0.1375
A,type,62,0.1375
A,type,63,0.1000
A,type,64,0.1500
A,type,65,0.0875
A,type,66,0.0750
A,type,67,0.1125
A,type,68,0.1750
A,type,69,0.2125
A,type,70,0.1250
A,type,71,0.0750
A,type,72,0.0750
A,type,73,0.2125
A,type,74,0.1250
A,type,75,0.1375
A,type,76,0.1500
A,type,77,0.1375
A,type,78,0.2375
A,type,79,0.1375
A,type,80,0.1625
A,type,81,0.0875
A,type,82,0.1000
A,type,83,0.2375
A,type,84,0.2000
A,type,85,0.0625
A,type,86,0.0875
A,type,87,0.1750
A,type,88,0.1625
A,type,89,0.2500
A,type,90,0.1875
A,type,91,0.1875
A,type,92,0.1000
A,type,93,0.2250
A,type,94,0.1125
A,type,95,0.1750
A,type,96,0.3000
A,type,97,0.1250
A,type,98,0.1375
A,type,99,0.2250
A,type,100,0.2375
A,type,101,0.1000
A,type,102,0.1875
A,type,103,0.2000
A,type,104,0.2000
A,type,105,0.1250
A,type,106,0.1500
A,type,107,0.1125
A,type,108,0.2375
A,type,109,0.1875
A,type,110,0.1625
A,type,111,0.2250
A,type,112,0.1625
A,type,113,0.2250
A,type,114,0.1125
A,type,115,0.2250
A,type,116,0.1375
A,type,117,0.1875
A,type,118,0.1625
A,type,119,0.1375
A,type,120,0.1875
A,type,121,0.1000
A,type,122,0.0875
A,type,123,0.1500
A,type,124,0.1250
A,type,125,0.1250
A,type,126,0.1250
A,type,127,0.1125
A,type,128,0.1875
A,type,129,0.1875
A,type,130,0.2625
A,type,131,0.1125
A,type,132,0.1625
A,type,133,0.1875
A,type,134,0.2000
A,type,135,0.1375
A,type,136,0.0875
A,type,137,0.2375
A,type,138,0.1250
A,type,139,0.0875
A,type,140,0.1500
A,type,141,0.1500
A,type,142,0.0625
A,type,143,0.2125
A,type,144,0.1000
A,type,145,0.0875
A,type,146,0.1250
A,type,147,0.1000
A,type,148,0.1500
A,type,149,0.1625
A,type,150,0.1250
A,type,151,0.1000
A,type,152,0.1375
A,type,153,0.1500
A,type,154,0.1875
A,type,155,0.0875
A,type,156,0.2000
A,type,157,0.1750
A,type,158,0.2000
A,type,159,0.2125
A,type,160,0.0875
A,type,161,0.1125
A,type,162,0.1250
A,type,163,0.2750
A,type,164,0.1500
A,type,165,0.1250
A,type,166,0.1250
A,type,167,0.1000
A,type,168,0.1625
A,type,169,0.2625
A,type,170,0.2125
A,type,171,0.1500
A,type,172,0.1375
A,type,173,0.1750
A,type,174,0.2625
A,type,175,0.2125
A,type,176,0.1125
A,type,177,0.2125
A,type,178,0.1375
A,type,179,0.1250
A,type,180,0.0750
A,type,181,0.2625
A,type,182,0.0875
A,type,183,0.1250
A,type,184,0.1625
A,type,185,0.1500
A,type,186,0.1125
A,type,187,0.0625
A,type,188,0.1625
A,type,189,0.0875
A,type,190,0.1875
A,type,191,0.1375
A,type,192,0.1500
A,type,193,0.1375
A,type,194,0.1125
A,type,195,0.2375
A,type,196,0.1375
A,type,197,0.1875
A,type,198,0.1375
A,type,199,0.1250
P,detect,-1,0.5938
P,detect,0,0.4609
P,detect,1,0.4453
P,detect,2,0.4766
P,detect,3,0.4688
P,detect,4,0.5000
P,detect,5,0.4375
P,detect,6,0.4141
P,detect,7,0.4531
P,detect,8,0.4375
P,detect,9,0.5234
P,detect,10,0.5078
P,detect,11,0.5547
P,detect,12,0.4766
P,detect,13,0.4141
P,detect,14,0.4609
P,detect,15,0.4531
P,detect,16,0.4844
P,detect,17,0.4375
P,detect,18,0.4844
P,detect,19,0.4766
P,detect,20,0.4922
P,detect,21,0.4766
P,detect,22,0.4766
P,detect,23,0.4453
P,detect,24,0.5469
P,detect,25,0.4453
P,detect,26,0.4609
P,detect,27,0.4766
P,detect,28,0.5312
P,detect,29,0.5156
P,detect,30,0.5469
P,detect,31,0.5078
P,detect,32,0.5391
P,detect,33,0.4375
P,detect,34,0.4531
P,detect,35,0.4609
P,detect,36,0.4609
P,detect,37,0.4531
P,detect,38,0.5078
P,detect,39,0.5078
P,detect,40,0.4766
P,detect,41,0.4922
P,detect,42,0.5078
P,detect,43,0.4688
P,detect,44,0.5391
P,detect,45,0.4609
P,detect,46,0.5547
P,detect,47,0.4844
P,detect,48,0.4609
P,detect,49,0.4609
P,detect,50,0.4609
P,detect,51,0.6172
P,detect,52,0.5000
P,detect,53,0.5000
P,detect,54,0.4766
P,detect,55,0.5000
P,detect,56,0.4688
P,detect,57,0.4453
P,detect,58,0.4844
P,detect,59,0.4766
P,detect,60,0.5547
P,detect,61,0.5391
P,detect,62,0.5078
P,detect,63,0.4766
P,detect,64,0.4922
P,detect,65,0.5312
P,detect,66,0.4141
P,detect,67,0.5234
P,detect,68,0.4766
P,detect,69,0.4531
P,detect,70,0.4688
P,detect,71,0.4766
P,detect,72,0.5156
P,detect,73,0.4375
P,detect,74,0.5078
P,detect,75,0.4531
P,detect,76,0.4688
P,detect,77,0.4375
P,detect,78,0.4688
P,detect,79,0.4531
P,detect,80,0.4609
P,detect,81,0.4922
P,detect,82,0.4844
P,detect,83,0.5469
P,detect,84,0.4766
P,detect,85,0.4688
P,detect,86,0.4609
P,detect,87,0.4766
P,detect,88,0.4844
P,detect,89,0.4922
P,detect,90,0.4688
P,detect,91,0.4609
P,detect,92,0.4766
P,detect,93,0.4688
P,detect,94,0.4844
P,detect,95,0.4688
P,detect,96,0.4844
P,detect,97,0.5469
P,detect,98,0.4922
P,detect,99,0.4375
P,detect,100,0.4375
P,detect,101,0.4609
P,detect,102,0.4609
P,detect,103,0.4922
P,detect,104,0.4844
P,detect,105,0.5391
P,detect,106,0.4766
P,detect,107,0.5781
P,detect,108,0.5312
P,detect,109,0.4766
P,detect,110,0.4609
P,detect,111,0.4688
P,detect,112,0.5156
P,detect,113,0.4922
P,detect,114,0.4453
P,detect,115,0.4922
P,detect,116,0.5078
P,detect,117,0.4766
P,detect,118,0.5312
P,detect,119,0.5234
P,detect,120,0.4844
P,detect,121,0.5000
P,detect,122,0.4844
P,detect,123,0.3984
P,detect,124,0.4609
P,detect,125,0.5078
P,detect,126,0.4453
P,detect,127,0.4844
P,detect,128,0.4375
P,detect,129,0.4844
P,detect,130,0.4531
P,detect,131,0.5234
P,detect,132,0.4844
P,detect,133,0.5312
P,detect,134,0.5000
P,detect,135,0.5000
P,detect,136,0.4609
P,detect,137,0.4609
P,detect,138,0.4609
P,detect,139,0.4531
P,detect,140,0.4688
P,detect,141,0.4609
P,detect,142,0.4688
P,detect,143,0.5469
P,detect,144,0.4766
P,detect,145,0.4688
P,detect,146,0.5156
P,detect,147,0.4922
P,detect,148,0.4688
P,detect,149,0.4609
P,detect,150,0.5547
P,detect,151,0.4922
P,detect,152,0.5078
P,detect,153,0.4453
P,detect,154,0.4531
P,detect,155,0.5234
P,detect,156,0.4453
P,detect,157,0.5000
P,detect,158,0.5469
P,detect,159,0.4688
P,detect,160,0.5625
P,detect,161,0.4531
P,detect,162,0.4766
P,detect,163,0.4922
P,detect,164,0.4844
P,detect,165,0.4688
P,detect,166,0.5156
P,detect,167,0.4609
P,detect,168,0.4766
P,detect,169,0.5469
P,detect,170,0.5312
P,detect,171,0.4688
P,detect,172,0.5156
P,detect,173,0.4688
P,detect,174,0.5312
P,detect,175,0.4766
P,detect,176,0.4609
P,detect,177,0.4688
P,detect,178,0.4375
P,detect,179,0.4609
P,detect,180,0.4688
P,detect,181,0.5469
P,detect,182,0.4688
P,detect,183,0.4688
P,detect,184,0.5391
P,detect,185,0.4531
P,detect,186,0.5156
P,detect,187,0.4766
P,detect,188,0.5156
P,detect,189,0.4531
P,detect,190,0.4688
P,detect,191,0.4609
P,detect,192,0.4609
P,detect,193,0.5234
P,detect,194,0.4844
P,detect,195,0.5000
P,detect,196,0.5078
P,detect,197,0.4297
P,detect,198,0.4531
P,detect,199,0.4531
P,type,-1,0.3375
P,type,0,0.1000
P,type,1,0.1125
P,type,2,0.2125
P,type,3,0.0625
P,type,4,0.1500
P,type,5,0.0250
P,type,6,0.1750
P,type,7,0.1750
P,type,8,0.1625
P,type,9,0.1500
P,type,10,0.1875
P,type,11,0.2125
P,type,12,0.1625
P,type,13,0.1000
P,type,14,0.0750
P,type,15,0.0500
P,type,16,0.0750
P,type,17,0.1000
P,type,18,0.1375
P,type,19,0.0875
P,type,20,0.1500
P,type,21,0.1625
P,type,22,0.1750
P,type,23,0.1500
P,type,24,0.1500
P,type,25,0.1500
P,type,26,0.0750
P,type,27,0.1000
P,type,28,0.1625
P,type,29,0.2375
P,type,30,0.2250
P,type,31,0.1625
P,type,32,0.1625
P,type,33,0.1125
P,type,34,0.1250
P,type,35,0.1625
P,type,36,0.0500
P,type,37,0.1625
P,type,38,0.1375
P,type,39,0.1500
P,type,40,0.1250
P,type,41,0.1000
P,type,42,0.0625
P,type,43,0.1000
P,type,44,0.1625
P,type,45,0.1875
P,type,46,0.1000
P,type,47,0.0750
P,type,48,0.1750
P,type,49,0.1125
P,type,50,0.0750
P,type,51,0.0875
P,type,52,0.0750
P,type,53,0.2125
P,type,54,0.1000
P,type,55,0.2375
P,type,56,0.0625
P,type,57,0.2000
P,type,58,0.1125
P,type,59,0.1500
P,type,60,0.2375
P,type,61,0.1125
P,type,62,0.1250
P,type,63,0.1500
P,type,64,0.1875
P,type,65,0.2000
P,type,66,0.1125
P,type,67,0.1000
P,type,68,0.1125
P,type,69,0.1750
P,type,70,0.0750
P,type,71,0.0375
P,type,72,0.1750
P,type,73,0.1875
P,type,74,0.1750
P,type,75,0.1125
P,type,76,0.1000
P,type,77,0.1250
P,type,78,0.1000
P,type,79,0.1875
P,type,80,0.1625
P,type,81,0.0750
P,type,82,0.1125
P,type,83,0.1250
P,type,84,0.1250
P,type,85,0.1000
P,type,86,0.1125
P,type,87,0.1750
P,type,88,0.2250
P,type,89,0.2875
P,type,90,0.2500
P,type,91,0.1625
P,type,92,0.2125
P,type,93,0.1250
P,type,94,0.1750
P,type,95,0.0625
P,type,96,0.1500
P,type,97,0.0625
P,type,98,0.1125
P,type,99,0.1375
P,type,100,0.2125
P,type,101,0.1375
P,type,102,0.1750
P,type,103,0.1250
P,type,104,0.1500
P,type,105,0.2125
P,type,106,0.1375
P,type,107,0.2500
P,type,108,0.2250
P,type,109,0.0500
P,type,110,0.1000
P,type,111,0.2500
P,type,112,0.2000
P,type,113,0.0875
P,type,114,0.1625
P,type,115,0.2125
P,type,116,0.1000
P,type,117,0.1500
P,type,118,0.1500
P,type,119,0.1750
P,type,120,0.1750
P,type,121,0.1375
P,type,122,0.1000
P,type,123,0.2000
P,type,124,0.1375
P,type,125,0.1250
P,type,126,0.0375
P,type,127,0.1250
P,type,128,0.1750
P,type,129,0.2500
P,type,130,0.1250
P,type,131,0.1125
P,type,132,0.0875
P,type,133,0.1500
P,type,134,0.1875
P,type,135,0.1500
P,type,136,0.0750
P,type,137,0.0875
P,type,138,0.1000
P,type,139,0.1000
P,type,140,0.1750
P,type,141,0.1375
P,type,142,0.1750
P,type,143,0.2250
P,type,144,0.1625
P,type,145,0.1250
P,type,146,0.2125
P,type,147,0.1625
P,type,148,0.0875
P,type,149,0.0750
P,type,150,0.1875
P,type,151,0.2000
P,type,152,0.1000
P,type,153,0.1625
P,type,154,0.1875
P,type,155,0.1750
P,type,156,0.1750
P,type,157,0.1250
P,type,158,0.2000
P,type,159,0.2500
P,type,160,0.2375
P,type,161,0.0500
P,type,162,0.1250
P,type,163,0.1000
P,type,164,0.0875
P,type,165,0.1625
P,type,166,0.1750
P,type,167,0.0625
P,type,168,0.1875
P,type,169,0.3000
P,type,170,0.1500
P,type,171,0.2000
P,type,172,0.1500
P,type,173,0.1500
P,type,174,0.1125
P,type,175,0.2000
P,type,176,0.1250
P,type,177,0.2375
P,type,178,0.0750
P,type,179,0.1250
P,type,180,0.1250
P,type,181,0.1875
P,type,182,0.1125
P,type,183,0.2250
P,type,184,0.1625
P,type,185,0.0750
P,type,186,0.2375
P,type,187,0.1000
P,type,188,0.1250
P,type,189,0.0875
P,type,190,0.2375
P,type,191,0.1000
P,type,192,0.0875
P,type,193,0.1000
P,type,194,0.1375
P,type,195,0.1375
P,type,196,0.1500
P,type,197,0.1250
P,type,198,0.1000
P,type,199,0.1625
H,detect,-1,0.7031
H,detect,0,0.5074
H,detect,1,0.4792
H,detect,2,0.4948
H,detect,3,0.4674
H,detect,4,0.4681
H,detect,5,0.5074
H,detect,6,0.5469
H,detect,7,0.4022
H,detect,8,0.4844
H,detect,9,0.5364
H,detect,10,0.5660
H,detect,11,0.5031
H,detect,12,0.4959
H,detect,13,0.4740
H,detect,14,0.6240
H,detect,15,0.4948
H,detect,16,0.4896
H,detect,17,0.4583
H,detect,18,0.4844
H,detect,19,0.4844
H,detect,20,0.4468
H,detect,21,0.4847
H,detect,22,0.5556
H,detect,23,0.4907
H,detect,24,0.4635
H,detect,25,0.4850
H,detect,26,0.4840
H,detect,27,0.4948
H,detect,28,0.4740
H,detect,29,0.5000
H,detect,30,0.4980
H,detect,31,0.4628
H,detect,32,0.5023
H,detect,33,0.5000
H,detect,34,0.4740
H,detect,35,0.5000
H,detect,36,0.4734
H,detect,37,0.4202
H,detect,38,0.4847
H,detect,39,0.4896
H,detect,40,0.5000
H,detect,41,0.4565
H,detect,42,0.4787
H,detect,43,0.4740
H,detect,44,0.4850
H,detect,45,0.4583
H,detect,46,0.4734
H,detect,47,0.5000
H,detect,48,0.4896
H,detect,49,0.4949
H,detect,50,0.4635
H,detect,51,0.5260
H,detect,52,0.4787
H,detect,53,0.4565
H,detect,54,0.4796
H,detect,55,0.5675
H,detect,56,0.5156
H,detect,57,0.5376
H,detect,58,0.4900
H,detect,59,0.4800
H,detect,60,0.6354
H,detect,61,0.4402
H,detect,62,0.4681
H,detect,63,0.4694
H,detect,64,0.4844
H,detect,65,0.5000
H,detect,66,0.4787
H,detect,67,0.4948
H,detect,68,0.4583
H,detect,69,0.4949
H,detect,70,0.4635
H,detect,71,0.4521
H,detect,72,0.5728
H,detect,73,0.4948
H,detect,74,0.4740
H,detect,75,0.4745
H,detect,76,0.4844
H,detect,77,0.4620
H,detect,78,0.4750
H,detect,79,0.5125
H,detect,80,0.4948
H,detect,81,0.4949
H,detect,82,0.4951
H,detect,83,0.4949
H,detect,84,0.4694
H,detect,85,0.4949
H,detect,86,0.4898
H,detect,87,0.4896
H,detect,88,0.4792
H,detect,89,0.4792
H,detect,90,0.4457
H,detect,91,0.4948
H,detect,92,0.4853
H,detect,93,0.5000
H,detect,94,0.4728
H,detect,95,0.4792
H,detect,96,0.4896
H,detect,97,0.4847
H,detect,98,0.4844
H,detect,99,0.4787
H,detect,100,0.4850
H,detect,101,0.4796
H,detect,102,0.4948
H,detect,103,0.5208
H,detect,104,0.4740
H,detect,105,0.4688
H,detect,106,0.4490
H,detect,107,0.5139
H,detect,108,0.5074
H,detect,109,0.4847
H,detect,110,0.4787
H,detect,111,0.5104
H,detect,112,0.4889
H,detect,113,0.5365
H,detect,114,0.4796
H,detect,115,0.4787
H,detect,116,0.5000
H,detect,117,0.4844
H,detect,118,0.5085
H,detect,119,0.4898
H,detect,120,0.4844
H,detect,121,0.4635
H,detect,122,0.4947
H,detect,123,0.4688
H,detect,124,0.4674
H,detect,125,0.4745
H,detect,126,0.4444
H,detect,127,0.4870
H,detect,128,0.5156
H,detect,129,0.5023
H,detect,130,0.5469
H,detect,131,0.4688
H,detect,132,0.4461
H,detect,133,0.4949
H,detect,134,0.4635
H,detect,135,0.4694
H,detect,136,0.4844
H,detect,137,0.4792
H,detect,138,0.4402
H,detect,139,0.5978
H,detect,140,0.4745
H,detect,141,0.4694
H,detect,142,0.4628
H,detect,143,0.4898
H,detect,144,0.4583
H,detect,145,0.4787
H,detect,146,0.4898
H,detect,147,0.5000
H,detect,148,0.5000
H,detect,149,0.4948
H,detect,150,0.5098
H,detect,151,0.5000
H,detect,152,0.4926
H,detect,153,0.4490
H,detect,154,0.5000
H,detect,155,0.4949
H,detect,156,0.6094
H,detect,157,0.4468
H,detect,158,0.5140
H,detect,159,0.5194
H,detect,160,0.5000
H,detect,161,0.5417
H,detect,162,0.4949
H,detect,163,0.4949
H,detect,164,0.4728
H,detect,165,0.5311
H,detect,166,0.4689
H,detect,167,0.4787
H,detect,168,0.5782
H,detect,169,0.5404
H,detect,170,0.5677
H,detect,171,0.4894
H,detect,172,0.4592
H,detect,173,0.4844
H,detect,174,0.4947
H,detect,175,0.5208
H,detect,176,0.4844
H,detect,177,0.5500
H,detect,178,0.4950
H,detect,179,0.5140
H,detect,180,0.4792
H,detect,181,0.4583
H,detect,182,0.4628
H,detect,183,0.4740
H,detect,184,0.4740
H,detect,185,0.4787
H,detect,186,0.4948
H,detect,187,0.4949
H,detect,188,0.4906
H,detect,189,0.4896
H,detect,190,0.4740
H,detect,191,0.4844
H,detect,192,0.5385
H,detect,193,0.4745
H,detect,194,0.4948
H,detect,195,0.4635
H,detect,196,0.4844
H,detect,197,0.4521
H,detect,198,0.5000
H,detect,199,0.4745
H,type,-1,0.5500
H,type,0,0.1097
H,type,1,0.0325
H,type,2,0.1583
H,type,3,0.1261
H,type,4,0.1933
H,type,5,0.1028
H,type,6,0.1808
H,type,7,0.1218
H,type,8,0.1235
H,type,9,0.2066
H,type,10,0.1554
H,type,11,0.1367
H,type,12,0.1469
H,type,13,0.1396
H,type,14,0.1254
H,type,15,0.0468
H,type,16,0.0771
H,type,17,0.0258
H,type,18,0.0841
H,type,19,0.1193
H,type,20,0.1097
H,type,21,0.1321
H,type,22,0.1537
H,type,23,0.0857
H,type,24,0.1187
H,type,25,0.2310
H,type,26,0.0629
H,type,27,0.0675
H,type,28,0.1910
H,type,29,0.1711
H,type,30,0.1399
H,type,31,0.1468
H,type,32,0.1196
H,type,33,0.0336
H,type,34,0.1136
H,type,35,0.0873
H,type,36,0.1291
H,type,37,0.0663
H,type,38,0.1489
H,type,39,0.2054
H,type,40,0.0942
H,type,41,0.1044
H,type,42,0.0875
H,type,43,0.1364
H,type,44,0.0861
H,type,45,0.1329
H,type,46,0.1453
H,type,47,0.0762
H,type,48,0.1083
H,type,49,0.1734
H,type,50,0.0605
H,type,51,0.1051
H,type,52,0.1072
H,type,53,0.1438
H,type,54,0.0965
H,type,55,0.2254
H,type,56,0.1338
H,type,57,0.1999
H,type,58,0.1455
H,type,59,0.1018
H,type,60,0.1415
H,type,61,0.0921
H,type,62,0.1046
H,type,63,0.1129
H,type,64,0.2333
H,type,65,0.1290
H,type,66,0.0813
H,type,67,0.1125
H,type,68,0.1013
H,type,69,0.0698
H,type,70,0.0879
H,type,71,0.0949
H,type,72,0.1021
H,type,73,0.1838
H,type,74,0.1024
H,type,75,0.0852
H,type,76,0.0682
H,type,77,0.0805
H,type,78,0.1658
H,type,79,0.1684
H,type,80,0.1811
H,type,81,0.1970
H,type,82,0.0981
H,type,83,0.1577
H,type,84,0.2174
H,type,85,0.0265
H,type,86,0.0848
H,type,87,0.1096
H,type,88,0.2009
H,type,89,0.1964
H,type,90,0.1314
H,type,91,0.2282
H,type,92,0.1177
H,type,93,0.1687
H,type,94,0.0639
H,type,95,0.1431
H,type,96,0.2162
H,type,97,0.1583
H,type,98,0.1455
H,type,99,0.1222
H,type,100,0.1491
H,type,101,0.0841
H,type,102,0.1279
H,type,103,0.1342
H,type,104,0.1565
H,type,105,0.1371
H,type,106,0.1440
H,type,107,0.1311
H,type,108,0.1361
H,type,109,0.1061
H,type,110,0.1359
H,type,111,0.2346
H,type,112,0.0854
H,type,113,0.0985
H,type,114,0.0727
H,type,115,0.0474
H,type,116,0.1348
H,type,117,0.1697
H,type,118,0.1385
H,type,119,0.0251
H,type,120,0.1503
H,type,121,0.1258
H,type,122,0.0792
H,type,123,0.1131
H,type,124,0.0818
H,type,125,0.1396
H,type,126,0.0867
H,type,127,0.1506
H,type,128,0.2157
H,type,129,0.1902
H,type,130,0.1667
H,type,131,0.0517
H,type,132,0.1801
H,type,133,0.1349
H,type,134,0.2508
H,type,135,0.1797
H,type,136,0.1344
H,type,137,0.0777
H,type,138,0.0468
H,type,139,0.1091
H,type,140,0.2450
H,type,141,0.0751
H,type,142,0.0593
H,type,143,0.1460
H,type,144,0.1379
H,type,145,0.0838
H,type,146,0.1989
H,type,147,0.0606
H,type,148,0.1136
H,type,149,0.1405
H,type,150,0.1792
H,type,151,0.0840
H,type,152,0.0713
H,type,153,0.2008
H,type,154,0.0915
H,type,155,0.1671
H,type,156,0.1797
H,type,157,0.0997
H,type,158,0.1722
H,type,159,0.1649
H,type,160,0.1477
H,type,161,0.1117
H,type,162,0.0615
H,type,163,0.1304
H,type,164,0.0667
H,type,165,0.1551
H,type,166,0.1046
H,type,167,0.0154
H,type,168,0.0699
H,type,169,0.2560
H,type,170,0.1711
H,type,171,0.1299
H,type,172,0.1711
H,type,173,0.2216
H,type,174,0.1296
H,type,175,0.1917
H,type,176,0.1521
H,type,177,0.1794
H,type,178,0.1365
H,type,179,0.1023
H,type,180,0.0839
H,type,181,0.1126
H,type,182,0.0923
H,type,183,0.1470
H,type,184,0.1157
H,type,185,0.1250
H,type,186,0.1085
H,type,187,0.1032
H,type,188,0.1051
H,type,189,0.0174
H,type,190,0.1016
H,type,191,0.0877
H,type,192,0.0851
H,type,193,0.0894
H,type,194,0.1392
H,type,195,0.1412
H,type,196,0.1269
H,type,197,0.1251
H,type,198,0.1585
H,type,199,0.1027
