sensor_type,task,model,feature_set,protocol,n_windows,window_bal_acc,window_macro_f1,n_recordings,recording_bal_acc,window_auc,recording_auc
A,detect,cnn,spectrogram,grouped_condition,2859,0.8040,0.7841,80,0.8984,0.8964,0.9121
A,detect,cnn,spectrogram,leave_flow_out,2859,0.8629,0.8692,80,0.9297,0.9558,0.9805
A,detect,cnn,spectrogram,leave_topology_out,2859,0.5946,0.5331,80,0.6172,0.6032,0.6250
A,detect,cnn,spectrogram,random_window,2859,0.9899,0.9816,80,1.0000,0.9995,1.0000
A,detect,lgbm,shape,grouped_condition,2859,0.7340,0.7460,80,0.8281,0.8176,0.8486
A,detect,lgbm,shape,leave_flow_out,2859,0.7694,0.7816,80,0.8281,0.8793,0.8926
A,detect,lgbm,shape,leave_topology_out,2859,0.4460,0.4411,80,0.4297,0.5013,0.5361
A,detect,lgbm,shape,random_window,2859,0.9758,0.9758,80,1.0000,0.9975,1.0000
A,detect,lgbm,shape+amplitude,grouped_condition,2859,0.7365,0.7446,80,0.8125,0.8004,0.8213
A,detect,lgbm,shape+amplitude,leave_flow_out,2859,0.7705,0.7856,80,0.8281,0.8814,0.8896
A,detect,lgbm,shape+amplitude,leave_topology_out,2859,0.4613,0.4619,80,0.4297,0.4755,0.4980
A,detect,lgbm,shape+amplitude,random_window,2859,0.9774,0.9780,80,1.0000,0.9980,1.0000
A,detect,logreg,shape,grouped_condition,2859,0.6940,0.6557,80,0.6797,0.7704,0.7998
A,detect,logreg,shape,leave_flow_out,2859,0.7066,0.6558,80,0.7266,0.7723,0.8027
A,detect,logreg,shape,leave_topology_out,2859,0.4237,0.3926,80,0.4141,0.4922,0.4873
A,detect,logreg,shape,random_window,2859,0.8304,0.7478,80,0.8750,0.8937,0.9375
A,detect,logreg,shape+amplitude,grouped_condition,2859,0.6885,0.6469,80,0.6719,0.7493,0.7842
A,detect,logreg,shape+amplitude,leave_flow_out,2859,0.6996,0.6523,80,0.7266,0.7662,0.8018
A,detect,logreg,shape+amplitude,leave_topology_out,2859,0.5284,0.4895,80,0.5078,0.4832,0.4961
A,detect,logreg,shape+amplitude,random_window,2859,0.8273,0.7455,80,0.8750,0.8933,0.9375
A,detect,rf,shape,grouped_condition,2859,0.7060,0.7317,80,0.7031,0.8408,0.8682
A,detect,rf,shape,leave_flow_out,2859,0.7411,0.7718,80,0.8359,0.8907,0.9150
A,detect,rf,shape,leave_topology_out,2859,0.4462,0.4308,80,0.4375,0.5184,0.5205
A,detect,rf,shape,random_window,2859,0.9626,0.9704,80,1.0000,0.9972,1.0000
A,detect,rf,shape+amplitude,grouped_condition,2859,0.6968,0.7208,80,0.7344,0.8521,0.8740
A,detect,rf,shape+amplitude,leave_flow_out,2859,0.7435,0.7776,80,0.8047,0.8983,0.9287
A,detect,rf,shape+amplitude,leave_topology_out,2859,0.4402,0.4301,80,0.4219,0.4769,0.4824
A,detect,rf,shape+amplitude,random_window,2859,0.9593,0.9686,80,1.0000,0.9976,1.0000
A,type,cnn,spectrogram,grouped_condition,2859,0.5394,0.5364,80,0.5875,,
A,type,cnn,spectrogram,leave_flow_out,2859,0.7198,0.7177,80,0.7625,,
A,type,cnn,spectrogram,leave_topology_out,2859,0.2528,0.2112,80,0.2875,,
A,type,cnn,spectrogram,random_window,2859,0.8908,0.8906,80,0.9250,,
A,type,lgbm,shape,grouped_condition,2859,0.5454,0.5452,80,0.5750,,
A,type,lgbm,shape,leave_flow_out,2859,0.6622,0.6619,80,0.7625,,
A,type,lgbm,shape,leave_topology_out,2859,0.2340,0.2323,80,0.2375,,
A,type,lgbm,shape,random_window,2859,0.9324,0.9323,80,0.9750,,
A,type,lgbm,shape+amplitude,grouped_condition,2859,0.5460,0.5473,80,0.5750,,
A,type,lgbm,shape+amplitude,leave_flow_out,2859,0.6914,0.6892,80,0.7750,,
A,type,lgbm,shape+amplitude,leave_topology_out,2859,0.2013,0.1976,80,0.1750,,
A,type,lgbm,shape+amplitude,random_window,2859,0.9446,0.9445,80,0.9875,,
A,type,logreg,shape,grouped_condition,2859,0.3947,0.3969,80,0.4125,,
A,type,logreg,shape,leave_flow_out,2859,0.5019,0.5010,80,0.5875,,
A,type,logreg,shape,leave_topology_out,2859,0.1279,0.1189,80,0.1125,,
A,type,logreg,shape,random_window,2859,0.6596,0.6606,80,0.7750,,
A,type,logreg,shape+amplitude,grouped_condition,2859,0.4118,0.4135,80,0.4250,,
A,type,logreg,shape+amplitude,leave_flow_out,2859,0.5068,0.5067,80,0.5500,,
A,type,logreg,shape+amplitude,leave_topology_out,2859,0.1491,0.1364,80,0.1625,,
A,type,logreg,shape+amplitude,random_window,2859,0.6621,0.6627,80,0.7750,,
A,type,rf,shape,grouped_condition,2859,0.5301,0.5299,80,0.6000,,
A,type,rf,shape,leave_flow_out,2859,0.6599,0.6600,80,0.7250,,
A,type,rf,shape,leave_topology_out,2859,0.2333,0.2293,80,0.2250,,
A,type,rf,shape,random_window,2859,0.9243,0.9241,80,0.9750,,
A,type,rf,shape+amplitude,grouped_condition,2859,0.5191,0.5211,80,0.5750,,
A,type,rf,shape+amplitude,leave_flow_out,2859,0.6808,0.6792,80,0.7375,,
A,type,rf,shape+amplitude,leave_topology_out,2859,0.2657,0.2535,80,0.2625,,
A,type,rf,shape+amplitude,random_window,2859,0.9387,0.9384,80,0.9875,,
H,detect,cnn,spectrogram,grouped_condition,4572,0.7467,0.7731,120,0.7812,0.7755,0.8546
H,detect,cnn,spectrogram,leave_flow_out,4572,0.8502,0.8464,120,0.9115,0.9396,0.9761
H,detect,cnn,spectrogram,leave_topology_out,4572,0.4584,0.4411,120,0.4479,0.4207,0.4648
H,detect,cnn,spectrogram,random_window,4572,0.9884,0.9852,120,1.0000,0.9994,1.0000
H,detect,lgbm,shape,grouped_condition,4572,0.7084,0.7291,120,0.7240,0.8279,0.9162
H,detect,lgbm,shape,leave_flow_out,4572,0.8142,0.8206,120,0.8281,0.9048,0.9661
H,detect,lgbm,shape,leave_topology_out,4572,0.6232,0.6079,120,0.6406,0.6152,0.6721
H,detect,lgbm,shape,random_window,4572,0.8906,0.8958,120,0.9375,0.9709,1.0000
H,detect,lgbm,shape+amplitude,grouped_condition,4572,0.7358,0.7577,120,0.7448,0.8492,0.9249
H,detect,lgbm,shape+amplitude,leave_flow_out,4572,0.8459,0.8550,120,0.8906,0.9276,0.9796
H,detect,lgbm,shape+amplitude,leave_topology_out,4572,0.5841,0.5843,120,0.5781,0.6166,0.6860
H,detect,lgbm,shape+amplitude,random_window,4572,0.9036,0.9125,120,0.9375,0.9772,1.0000
H,detect,logreg,shape,grouped_condition,4572,0.6844,0.6617,120,0.7396,0.7067,0.7661
H,detect,logreg,shape,leave_flow_out,4572,0.7268,0.6930,120,0.8281,0.7681,0.8268
H,detect,logreg,shape,leave_topology_out,4572,0.5924,0.5584,120,0.6042,0.6244,0.6851
H,detect,logreg,shape,random_window,4572,0.7899,0.7520,120,0.8906,0.8594,0.9258
H,detect,logreg,shape+amplitude,grouped_condition,4572,0.6770,0.6554,120,0.7448,0.7005,0.7522
H,detect,logreg,shape+amplitude,leave_flow_out,4572,0.7306,0.6967,120,0.8229,0.7678,0.8103
H,detect,logreg,shape+amplitude,leave_topology_out,4572,0.6010,0.5791,120,0.6250,0.6136,0.6669
H,detect,logreg,shape+amplitude,random_window,4572,0.7933,0.7565,120,0.8958,0.8655,0.9219
H,detect,rf,shape,grouped_condition,4572,0.6677,0.7013,120,0.7031,0.8428,0.9089
H,detect,rf,shape,leave_flow_out,4572,0.7811,0.8182,120,0.7865,0.9050,0.9566
H,detect,rf,shape,leave_topology_out,4572,0.5776,0.5785,120,0.6042,0.6217,0.6688
H,detect,rf,shape,random_window,4572,0.8282,0.8664,120,0.8333,0.9628,0.9957
H,detect,rf,shape+amplitude,grouped_condition,4572,0.6837,0.7219,120,0.7031,0.8489,0.9097
H,detect,rf,shape+amplitude,leave_flow_out,4572,0.7955,0.8347,120,0.7865,0.9221,0.9696
H,detect,rf,shape+amplitude,leave_topology_out,4572,0.5352,0.5338,120,0.6042,0.6361,0.6914
H,detect,rf,shape+amplitude,random_window,4572,0.8533,0.8904,120,0.8750,0.9727,0.9983
H,type,cnn,spectrogram,grouped_condition,4572,0.5961,0.5994,120,0.6167,,
H,type,cnn,spectrogram,leave_flow_out,4572,0.7247,0.7243,120,0.7750,,
H,type,cnn,spectrogram,leave_topology_out,4572,0.1184,0.1213,120,0.1333,,
H,type,cnn,spectrogram,random_window,4572,0.9778,0.9778,120,1.0000,,
H,type,lgbm,shape,grouped_condition,4572,0.5117,0.5136,120,0.6417,,
H,type,lgbm,shape,leave_flow_out,4572,0.6542,0.6490,120,0.8000,,
H,type,lgbm,shape,leave_topology_out,4572,0.1686,0.1658,120,0.1917,,
H,type,lgbm,shape,random_window,4572,0.8327,0.8329,120,1.0000,,
H,type,lgbm,shape+amplitude,grouped_condition,4572,0.5272,0.5272,120,0.6333,,
H,type,lgbm,shape+amplitude,leave_flow_out,4572,0.6740,0.6662,120,0.8333,,
H,type,lgbm,shape+amplitude,leave_topology_out,4572,0.1256,0.1350,120,0.1250,,
H,type,lgbm,shape+amplitude,random_window,4572,0.8608,0.8610,120,1.0000,,
H,type,logreg,shape,grouped_condition,4572,0.3001,0.3034,120,0.3167,,
H,type,logreg,shape,leave_flow_out,4572,0.3988,0.3931,120,0.4917,,
H,type,logreg,shape,leave_topology_out,4572,0.1181,0.1383,120,0.0750,,
H,type,logreg,shape,random_window,4572,0.4853,0.4808,120,0.6167,,
H,type,logreg,shape+amplitude,grouped_condition,4572,0.2965,0.2986,120,0.3083,,
H,type,logreg,shape+amplitude,leave_flow_out,4572,0.3919,0.3843,120,0.4917,,
H,type,logreg,shape+amplitude,leave_topology_out,4572,0.1202,0.1317,120,0.0917,,
H,type,logreg,shape+amplitude,random_window,4572,0.4905,0.4858,120,0.6167,,
H,type,rf,shape,grouped_condition,4572,0.4799,0.4807,120,0.5500,,
H,type,rf,shape,leave_flow_out,4572,0.6427,0.6375,120,0.8167,,
H,type,rf,shape,leave_topology_out,4572,0.1655,0.1597,120,0.1833,,
H,type,rf,shape,random_window,4572,0.8089,0.8089,120,0.9750,,
H,type,rf,shape+amplitude,grouped_condition,4572,0.4958,0.4974,120,0.5750,,
H,type,rf,shape+amplitude,leave_flow_out,4572,0.6600,0.6530,120,0.8167,,
H,type,rf,shape+amplitude,leave_topology_out,4572,0.1417,0.1449,120,0.1500,,
H,type,rf,shape+amplitude,random_window,4572,0.8355,0.8353,120,1.0000,,
P,detect,cnn,spectrogram,grouped_condition,2890,0.6493,0.6387,80,0.6797,0.6456,0.6787
P,detect,cnn,spectrogram,leave_flow_out,2890,0.7796,0.7514,80,0.7812,0.8617,0.8984
P,detect,cnn,spectrogram,leave_topology_out,2890,0.4533,0.4458,80,0.4531,0.4338,0.4268
P,detect,cnn,spectrogram,random_window,2890,0.9233,0.8936,80,0.9844,0.9813,0.9980
P,detect,lgbm,shape,grouped_condition,2890,0.5794,0.5796,80,0.5547,0.6787,0.7314
P,detect,lgbm,shape,leave_flow_out,2890,0.7125,0.7065,80,0.7812,0.7891,0.8398
P,detect,lgbm,shape,leave_topology_out,2890,0.5437,0.5191,80,0.5469,0.5604,0.5732
P,detect,lgbm,shape,random_window,2890,0.8357,0.8328,80,0.8984,0.9468,0.9932
P,detect,lgbm,shape+amplitude,grouped_condition,2890,0.6100,0.6098,80,0.5859,0.6970,0.7539
P,detect,lgbm,shape+amplitude,leave_flow_out,2890,0.7217,0.7136,80,0.7734,0.7823,0.8418
P,detect,lgbm,shape+amplitude,leave_topology_out,2890,0.5272,0.5145,80,0.5625,0.5708,0.5781
P,detect,lgbm,shape+amplitude,random_window,2890,0.8337,0.8333,80,0.8984,0.9468,0.9941
P,detect,logreg,shape,grouped_condition,2890,0.6111,0.5771,80,0.6016,0.6827,0.7471
P,detect,logreg,shape,leave_flow_out,2890,0.6584,0.6088,80,0.7656,0.7244,0.8115
P,detect,logreg,shape,leave_topology_out,2890,0.4872,0.3917,80,0.4766,0.4957,0.4717
P,detect,logreg,shape,random_window,2890,0.7263,0.6606,80,0.7969,0.8103,0.8975
P,detect,logreg,shape+amplitude,grouped_condition,2890,0.6102,0.5760,80,0.6016,0.6756,0.7383
P,detect,logreg,shape+amplitude,leave_flow_out,2890,0.6443,0.5995,80,0.7734,0.7136,0.8018
P,detect,logreg,shape+amplitude,leave_topology_out,2890,0.4791,0.3896,80,0.4453,0.4943,0.4648
P,detect,logreg,shape+amplitude,random_window,2890,0.7249,0.6601,80,0.8047,0.8105,0.8955
P,detect,rf,shape,grouped_condition,2890,0.5586,0.5638,80,0.5938,0.7102,0.7490
P,detect,rf,shape,leave_flow_out,2890,0.6904,0.7076,80,0.7188,0.8201,0.8828
P,detect,rf,shape,leave_topology_out,2890,0.5996,0.5908,80,0.6328,0.6006,0.6084
P,detect,rf,shape,random_window,2890,0.8139,0.8474,80,0.8438,0.9516,0.9932
P,detect,rf,shape+amplitude,grouped_condition,2890,0.5975,0.6081,80,0.6250,0.7229,0.7627
P,detect,rf,shape+amplitude,leave_flow_out,2890,0.7079,0.7254,80,0.7266,0.8188,0.8740
P,detect,rf,shape+amplitude,leave_topology_out,2890,0.6059,0.5981,80,0.6328,0.6061,0.6113
P,detect,rf,shape+amplitude,random_window,2890,0.8147,0.8493,80,0.8438,0.9530,0.9941
P,type,cnn,spectrogram,grouped_condition,2890,0.3443,0.3410,80,0.3625,,
P,type,cnn,spectrogram,leave_flow_out,2890,0.5224,0.5171,80,0.6375,,
P,type,cnn,spectrogram,leave_topology_out,2890,0.1712,0.1449,80,0.1500,,
P,type,cnn,spectrogram,random_window,2890,0.8179,0.8179,80,0.9375,,
P,type,lgbm,shape,grouped_condition,2890,0.3368,0.3368,80,0.3750,,
P,type,lgbm,shape,leave_flow_out,2890,0.4988,0.4940,80,0.6000,,
P,type,lgbm,shape,leave_topology_out,2890,0.2102,0.1708,80,0.2125,,
P,type,lgbm,shape,random_window,2890,0.7881,0.7882,80,0.9500,,
P,type,lgbm,shape+amplitude,grouped_condition,2890,0.3445,0.3443,80,0.3500,,
P,type,lgbm,shape+amplitude,leave_flow_out,2890,0.4999,0.4958,80,0.6125,,
P,type,lgbm,shape+amplitude,leave_topology_out,2890,0.2067,0.1675,80,0.2250,,
P,type,lgbm,shape+amplitude,random_window,2890,0.7822,0.7823,80,0.9375,,
P,type,logreg,shape,grouped_condition,2890,0.1854,0.1800,80,0.1750,,
P,type,logreg,shape,leave_flow_out,2890,0.3494,0.3416,80,0.4000,,
P,type,logreg,shape,leave_topology_out,2890,0.2078,0.1781,80,0.2125,,
P,type,logreg,shape,random_window,2890,0.4410,0.4367,80,0.5125,,
P,type,logreg,shape+amplitude,grouped_condition,2890,0.1877,0.1821,80,0.1875,,
P,type,logreg,shape+amplitude,leave_flow_out,2890,0.3451,0.3374,80,0.3875,,
P,type,logreg,shape+amplitude,leave_topology_out,2890,0.2095,0.1803,80,0.2250,,
P,type,logreg,shape+amplitude,random_window,2890,0.4409,0.4358,80,0.5250,,
P,type,rf,shape,grouped_condition,2890,0.3138,0.3118,80,0.3375,,
P,type,rf,shape,leave_flow_out,2890,0.5083,0.5021,80,0.5875,,
P,type,rf,shape,leave_topology_out,2890,0.2225,0.1831,80,0.2500,,
P,type,rf,shape,random_window,2890,0.7742,0.7739,80,0.9250,,
P,type,rf,shape+amplitude,grouped_condition,2890,0.3264,0.3252,80,0.3500,,
P,type,rf,shape+amplitude,leave_flow_out,2890,0.5107,0.5041,80,0.6000,,
P,type,rf,shape+amplitude,leave_topology_out,2890,0.2263,0.1878,80,0.2500,,
P,type,rf,shape+amplitude,random_window,2890,0.7746,0.7743,80,0.9250,,
