sensor_type,task,model,feature_set,protocol,fold,n_windows,window_bal_acc,window_macro_f1,n_recordings,recording_bal_acc,window_auc,recording_auc
A,detect,cnn,spectrogram,grouped_condition,fold0,563,0.7099,0.7180,16,0.8333,0.8628,0.8958
A,detect,cnn,spectrogram,grouped_condition,fold1,574,0.9454,0.9187,16,1.0000,0.9883,1.0000
A,detect,cnn,spectrogram,grouped_condition,fold2,577,0.8636,0.6746,16,0.8571,0.9999,1.0000
A,detect,cnn,spectrogram,grouped_condition,fold3,570,0.8010,0.7772,16,1.0000,0.9425,1.0000
A,detect,cnn,spectrogram,grouped_condition,fold4,575,0.7669,0.8073,16,0.8750,0.9140,0.9167
A,detect,cnn,spectrogram,leave_flow_out,0.18 LPS,708,0.9841,0.9623,20,1.0000,0.9999,1.0000
A,detect,cnn,spectrogram,leave_flow_out,0.47 LPS,712,0.9481,0.9377,20,1.0000,0.9908,1.0000
A,detect,cnn,spectrogram,leave_flow_out,ND,714,0.6612,0.6730,20,0.7188,0.8589,0.8906
A,detect,cnn,spectrogram,leave_flow_out,Transient,725,0.8559,0.8821,20,1.0000,0.9518,1.0000
A,detect,cnn,spectrogram,leave_topology_out,BR,1433,0.6564,0.6195,40,0.7031,0.7374,0.8086
A,detect,cnn,spectrogram,leave_topology_out,LO,1426,0.5328,0.4469,40,0.5312,0.5208,0.4766
A,detect,cnn,spectrogram,random_window,fold0,572,0.9891,0.9811,80,1.0000,0.9998,1.0000
A,detect,cnn,spectrogram,random_window,fold1,572,0.9989,0.9973,80,1.0000,1.0000,1.0000
A,detect,cnn,spectrogram,random_window,fold2,572,0.9814,0.9705,80,1.0000,0.9991,1.0000
A,detect,cnn,spectrogram,random_window,fold3,572,0.9934,0.9918,80,1.0000,0.9998,1.0000
A,detect,cnn,spectrogram,random_window,fold4,571,0.9869,0.9682,80,1.0000,0.9991,1.0000
A,detect,lgbm,shape,grouped_condition,fold0,563,0.7348,0.7560,16,0.8750,0.8941,0.9375
A,detect,lgbm,shape,grouped_condition,fold1,574,0.7239,0.7534,16,0.7500,0.7850,0.7708
A,detect,lgbm,shape,grouped_condition,fold2,577,0.9613,0.8878,16,1.0000,0.9989,1.0000
A,detect,lgbm,shape,grouped_condition,fold3,570,0.7778,0.7696,16,1.0000,0.9407,1.0000
A,detect,lgbm,shape,grouped_condition,fold4,575,0.5985,0.6025,16,0.6667,0.6744,0.6458
A,detect,lgbm,shape,leave_flow_out,0.18 LPS,708,0.7420,0.7802,20,0.7500,0.8003,0.7812
A,detect,lgbm,shape,leave_flow_out,0.47 LPS,712,0.8638,0.8122,20,0.9375,0.9516,0.9688
A,detect,lgbm,shape,leave_flow_out,ND,714,0.6309,0.6489,20,0.6250,0.8054,0.7969
A,detect,lgbm,shape,leave_flow_out,Transient,725,0.8403,0.8573,20,1.0000,0.9395,1.0000
A,detect,lgbm,shape,leave_topology_out,BR,1433,0.4042,0.4058,40,0.3594,0.4331,0.4258
A,detect,lgbm,shape,leave_topology_out,LO,1426,0.4880,0.4798,40,0.5000,0.5657,0.5898
A,detect,lgbm,shape,random_window,fold0,572,0.9792,0.9730,80,1.0000,0.9977,1.0000
A,detect,lgbm,shape,random_window,fold1,572,0.9880,0.9864,80,1.0000,0.9998,1.0000
A,detect,lgbm,shape,random_window,fold2,572,0.9638,0.9669,80,1.0000,0.9962,1.0000
A,detect,lgbm,shape,random_window,fold3,572,0.9735,0.9751,80,1.0000,0.9990,1.0000
A,detect,lgbm,shape,random_window,fold4,571,0.9746,0.9778,80,1.0000,0.9945,1.0000
A,detect,lgbm,shape+amplitude,grouped_condition,fold0,563,0.7135,0.7232,16,0.8333,0.8959,0.9167
A,detect,lgbm,shape+amplitude,grouped_condition,fold1,574,0.7378,0.7746,16,0.7500,0.7451,0.6667
A,detect,lgbm,shape+amplitude,grouped_condition,fold2,577,0.9595,0.8669,16,0.9643,0.9985,1.0000
A,detect,lgbm,shape+amplitude,grouped_condition,fold3,570,0.8221,0.8053,16,1.0000,0.9492,1.0000
A,detect,lgbm,shape+amplitude,grouped_condition,fold4,575,0.5938,0.5976,16,0.6667,0.6790,0.6250
A,detect,lgbm,shape+amplitude,leave_flow_out,0.18 LPS,708,0.7411,0.7823,20,0.7500,0.7771,0.7656
A,detect,lgbm,shape+amplitude,leave_flow_out,0.47 LPS,712,0.8673,0.8184,20,0.9688,0.9632,0.9844
A,detect,lgbm,shape+amplitude,leave_flow_out,ND,714,0.6345,0.6511,20,0.5938,0.8229,0.8750
A,detect,lgbm,shape+amplitude,leave_flow_out,Transient,725,0.8383,0.8683,20,1.0000,0.9563,1.0000
A,detect,lgbm,shape+amplitude,leave_topology_out,BR,1433,0.4256,0.4292,40,0.3906,0.4033,0.3750
A,detect,lgbm,shape+amplitude,leave_topology_out,LO,1426,0.4973,0.4970,40,0.4688,0.5126,0.5508
A,detect,lgbm,shape+amplitude,random_window,fold0,572,0.9770,0.9678,80,1.0000,0.9987,1.0000
A,detect,lgbm,shape+amplitude,random_window,fold1,572,0.9890,0.9890,80,1.0000,0.9998,1.0000
A,detect,lgbm,shape+amplitude,random_window,fold2,572,0.9605,0.9667,80,1.0000,0.9964,1.0000
A,detect,lgbm,shape+amplitude,random_window,fold3,572,0.9835,0.9835,80,1.0000,0.9994,1.0000
A,detect,lgbm,shape+amplitude,random_window,fold4,571,0.9768,0.9832,80,1.0000,0.9955,1.0000
A,detect,logreg,shape,grouped_condition,fold0,563,0.7664,0.7190,16,0.7500,0.8592,0.8750
A,detect,logreg,shape,grouped_condition,fold1,574,0.7114,0.7015,16,0.7083,0.7949,0.8333
A,detect,logreg,shape,grouped_condition,fold2,577,0.8913,0.7208,16,0.8929,0.9942,1.0000
A,detect,logreg,shape,grouped_condition,fold3,570,0.6613,0.6321,16,0.6786,0.8427,0.8571
A,detect,logreg,shape,grouped_condition,fold4,575,0.4908,0.4833,16,0.4583,0.5127,0.5000
A,detect,logreg,shape,leave_flow_out,0.18 LPS,708,0.7247,0.7138,20,0.6875,0.8075,0.8438
A,detect,logreg,shape,leave_flow_out,0.47 LPS,712,0.7295,0.6397,20,0.6875,0.8188,0.8125
A,detect,logreg,shape,leave_flow_out,ND,714,0.6303,0.5783,20,0.5625,0.7006,0.7188
A,detect,logreg,shape,leave_flow_out,Transient,725,0.7422,0.6970,20,0.9688,0.8038,0.9531
A,detect,logreg,shape,leave_topology_out,BR,1433,0.4663,0.4652,40,0.4688,0.5916,0.5977
A,detect,logreg,shape,leave_topology_out,LO,1426,0.3819,0.2776,40,0.3594,0.4641,0.4492
A,detect,logreg,shape,random_window,fold0,572,0.8250,0.7471,80,0.8516,0.8952,0.9287
A,detect,logreg,shape,random_window,fold1,572,0.8306,0.7393,80,0.8438,0.9021,0.9277
A,detect,logreg,shape,random_window,fold2,572,0.8370,0.7661,80,0.9297,0.8942,0.9463
A,detect,logreg,shape,random_window,fold3,572,0.8512,0.7622,80,0.8672,0.9162,0.9473
A,detect,logreg,shape,random_window,fold4,571,0.8080,0.7248,80,0.8594,0.8626,0.9199
A,detect,logreg,shape+amplitude,grouped_condition,fold0,563,0.7664,0.7190,16,0.7500,0.8583,0.8750
A,detect,logreg,shape+amplitude,grouped_condition,fold1,574,0.6951,0.6812,16,0.6667,0.7826,0.8125
A,detect,logreg,shape+amplitude,grouped_condition,fold2,577,0.8913,0.7208,16,0.8929,0.9943,1.0000
A,detect,logreg,shape+amplitude,grouped_condition,fold3,570,0.6613,0.6321,16,0.6786,0.8424,0.8571
A,detect,logreg,shape+amplitude,grouped_condition,fold4,575,0.4758,0.4642,16,0.4583,0.4725,0.4583
A,detect,logreg,shape+amplitude,leave_flow_out,0.18 LPS,708,0.7264,0.7166,20,0.6875,0.8070,0.8438
A,detect,logreg,shape+amplitude,leave_flow_out,0.47 LPS,712,0.7277,0.6400,20,0.6875,0.8167,0.8125
A,detect,logreg,shape+amplitude,leave_flow_out,ND,714,0.6010,0.5606,20,0.5625,0.6831,0.7031
A,detect,logreg,shape+amplitude,leave_flow_out,Transient,725,0.7430,0.6983,20,0.9688,0.8044,0.9531
A,detect,logreg,shape+amplitude,leave_topology_out,BR,1433,0.5058,0.4749,40,0.4688,0.5238,0.5195
A,detect,logreg,shape+amplitude,leave_topology_out,LO,1426,0.5513,0.5040,40,0.5469,0.4182,0.4492
A,detect,logreg,shape+amplitude,random_window,fold0,572,0.8196,0.7427,80,0.8516,0.8956,0.9297
A,detect,logreg,shape+amplitude,random_window,fold1,572,0.8273,0.7383,80,0.8516,0.9021,0.9258
A,detect,logreg,shape+amplitude,random_window,fold2,572,0.8316,0.7616,80,0.9297,0.8927,0.9443
A,detect,logreg,shape+amplitude,random_window,fold3,572,0.8512,0.7622,80,0.8672,0.9159,0.9463
A,detect,logreg,shape+amplitude,random_window,fold4,571,0.8069,0.7232,80,0.8594,0.8624,0.9209
A,detect,rf,shape,grouped_condition,fold0,563,0.6632,0.6930,16,0.6250,0.8893,0.9375
A,detect,rf,shape,grouped_condition,fold1,574,0.6842,0.7163,16,0.7500,0.7990,0.7917
A,detect,rf,shape,grouped_condition,fold2,577,0.9653,0.8995,16,0.9643,0.9972,1.0000
A,detect,rf,shape,grouped_condition,fold3,570,0.7606,0.7772,16,0.7500,0.9484,1.0000
A,detect,rf,shape,grouped_condition,fold4,575,0.6100,0.6174,16,0.5833,0.6974,0.6875
A,detect,rf,shape,leave_flow_out,0.18 LPS,708,0.6826,0.7251,20,0.7500,0.8766,0.8906
A,detect,rf,shape,leave_flow_out,0.47 LPS,712,0.8418,0.8005,20,0.9688,0.9415,0.9688
A,detect,rf,shape,leave_flow_out,ND,714,0.6206,0.6504,20,0.6250,0.8401,0.8750
A,detect,rf,shape,leave_flow_out,Transient,725,0.8188,0.8602,20,1.0000,0.9363,1.0000
A,detect,rf,shape,leave_topology_out,BR,1433,0.4138,0.4134,40,0.4062,0.4436,0.4219
A,detect,rf,shape,leave_topology_out,LO,1426,0.4787,0.4408,40,0.4688,0.5570,0.5820
A,detect,rf,shape,random_window,fold0,572,0.9551,0.9611,80,1.0000,0.9962,1.0000
A,detect,rf,shape,random_window,fold1,572,0.9803,0.9835,80,1.0000,0.9993,1.0000
A,detect,rf,shape,random_window,fold2,572,0.9529,0.9635,80,1.0000,0.9961,1.0000
A,detect,rf,shape,random_window,fold3,572,0.9702,0.9749,80,1.0000,0.9983,1.0000
A,detect,rf,shape,random_window,fold4,571,0.9547,0.9687,80,1.0000,0.9957,1.0000
A,detect,rf,shape+amplitude,grouped_condition,fold0,563,0.6429,0.6672,16,0.6250,0.8843,0.9375
A,detect,rf,shape+amplitude,grouped_condition,fold1,574,0.6667,0.6960,16,0.7500,0.7861,0.7708
A,detect,rf,shape+amplitude,grouped_condition,fold2,577,0.9584,0.8793,16,0.9643,0.9974,1.0000
A,detect,rf,shape+amplitude,grouped_condition,fold3,570,0.7596,0.7744,16,0.7500,0.9523,1.0000
A,detect,rf,shape+amplitude,grouped_condition,fold4,575,0.6170,0.6246,16,0.7083,0.7671,0.7708
A,detect,rf,shape+amplitude,leave_flow_out,0.18 LPS,708,0.6493,0.6824,20,0.6250,0.8896,0.9219
A,detect,rf,shape+amplitude,leave_flow_out,0.47 LPS,712,0.8664,0.8373,20,0.9688,0.9487,0.9688
A,detect,rf,shape+amplitude,leave_flow_out,ND,714,0.6322,0.6646,20,0.6250,0.8509,0.8750
A,detect,rf,shape+amplitude,leave_flow_out,Transient,725,0.8257,0.8714,20,1.0000,0.9431,1.0000
A,detect,rf,shape+amplitude,leave_topology_out,BR,1433,0.4064,0.4099,40,0.3750,0.4196,0.4062
A,detect,rf,shape+amplitude,leave_topology_out,LO,1426,0.4739,0.4435,40,0.4688,0.5028,0.5273
A,detect,rf,shape+amplitude,random_window,fold0,572,0.9638,0.9669,80,1.0000,0.9961,1.0000
A,detect,rf,shape+amplitude,random_window,fold1,572,0.9737,0.9832,80,1.0000,0.9997,1.0000
A,detect,rf,shape+amplitude,random_window,fold2,572,0.9474,0.9579,80,1.0000,0.9955,1.0000
A,detect,rf,shape+amplitude,random_window,fold3,572,0.9658,0.9721,80,0.9688,0.9986,0.9990
A,detect,rf,shape+amplitude,random_window,fold4,571,0.9458,0.9628,80,1.0000,0.9971,1.0000
A,type,cnn,spectrogram,grouped_condition,fold0,563,0.5436,0.4827,16,0.6000,,
A,type,cnn,spectrogram,grouped_condition,fold1,574,0.4181,0.4163,16,0.4000,,
A,type,cnn,spectrogram,grouped_condition,fold2,577,0.5980,0.5237,16,0.6500,,
A,type,cnn,spectrogram,grouped_condition,fold3,570,0.4549,0.4729,16,0.5500,,
A,type,cnn,spectrogram,grouped_condition,fold4,575,0.5603,0.5548,16,0.6000,,
A,type,cnn,spectrogram,leave_flow_out,0.18 LPS,708,0.7944,0.7846,20,0.8000,,
A,type,cnn,spectrogram,leave_flow_out,0.47 LPS,712,0.7384,0.7410,20,0.8000,,
A,type,cnn,spectrogram,leave_flow_out,ND,714,0.6153,0.6127,20,0.6500,,
A,type,cnn,spectrogram,leave_flow_out,Transient,725,0.7286,0.7281,20,0.8000,,
A,type,cnn,spectrogram,leave_topology_out,BR,1433,0.2841,0.2188,40,0.3000,,
A,type,cnn,spectrogram,leave_topology_out,LO,1426,0.2210,0.2026,40,0.2750,,
A,type,cnn,spectrogram,random_window,fold0,572,0.8831,0.8831,80,0.9375,,
A,type,cnn,spectrogram,random_window,fold1,572,0.9003,0.8992,80,0.9250,,
A,type,cnn,spectrogram,random_window,fold2,572,0.8884,0.8882,80,0.9250,,
A,type,cnn,spectrogram,random_window,fold3,572,0.8936,0.8934,80,0.9000,,
A,type,cnn,spectrogram,random_window,fold4,571,0.8884,0.8881,80,0.9250,,
A,type,lgbm,shape,grouped_condition,fold0,563,0.6147,0.5803,16,0.6500,,
A,type,lgbm,shape,grouped_condition,fold1,574,0.4954,0.4685,16,0.5000,,
A,type,lgbm,shape,grouped_condition,fold2,577,0.5997,0.5389,16,0.6000,,
A,type,lgbm,shape,grouped_condition,fold3,570,0.6709,0.6581,16,0.7000,,
A,type,lgbm,shape,grouped_condition,fold4,575,0.4172,0.4408,16,0.4500,,
A,type,lgbm,shape,leave_flow_out,0.18 LPS,708,0.6004,0.6219,20,0.6500,,
A,type,lgbm,shape,leave_flow_out,0.47 LPS,712,0.6898,0.6765,20,0.7500,,
A,type,lgbm,shape,leave_flow_out,ND,714,0.6370,0.6323,20,0.7500,,
A,type,lgbm,shape,leave_flow_out,Transient,725,0.7183,0.7208,20,0.9000,,
A,type,lgbm,shape,leave_topology_out,BR,1433,0.2290,0.2207,40,0.2750,,
A,type,lgbm,shape,leave_topology_out,LO,1426,0.2394,0.2191,40,0.2000,,
A,type,lgbm,shape,random_window,fold0,572,0.9197,0.9197,80,0.9875,,
A,type,lgbm,shape,random_window,fold1,572,0.9529,0.9528,80,0.9625,,
A,type,lgbm,shape,random_window,fold2,572,0.9338,0.9335,80,0.9625,,
A,type,lgbm,shape,random_window,fold3,572,0.9199,0.9198,80,0.9750,,
A,type,lgbm,shape,random_window,fold4,571,0.9355,0.9356,80,0.9875,,
A,type,lgbm,shape+amplitude,grouped_condition,fold0,563,0.6201,0.5854,16,0.6000,,
A,type,lgbm,shape+amplitude,grouped_condition,fold1,574,0.4980,0.4755,16,0.5000,,
A,type,lgbm,shape+amplitude,grouped_condition,fold2,577,0.5982,0.5390,16,0.6500,,
A,type,lgbm,shape+amplitude,grouped_condition,fold3,570,0.6371,0.6265,16,0.7500,,
A,type,lgbm,shape+amplitude,grouped_condition,fold4,575,0.4538,0.4777,16,0.4000,,
A,type,lgbm,shape+amplitude,leave_flow_out,0.18 LPS,708,0.5949,0.6002,20,0.5500,,
A,type,lgbm,shape+amplitude,leave_flow_out,0.47 LPS,712,0.7294,0.7216,20,0.8500,,
A,type,lgbm,shape+amplitude,leave_flow_out,ND,714,0.6917,0.6890,20,0.8000,,
A,type,lgbm,shape+amplitude,leave_flow_out,Transient,725,0.7467,0.7492,20,0.9000,,
A,type,lgbm,shape+amplitude,leave_topology_out,BR,1433,0.1732,0.1607,40,0.1250,,
A,type,lgbm,shape+amplitude,leave_topology_out,LO,1426,0.2298,0.2166,40,0.2250,,
A,type,lgbm,shape+amplitude,random_window,fold0,572,0.9337,0.9337,80,0.9750,,
A,type,lgbm,shape+amplitude,random_window,fold1,572,0.9668,0.9668,80,0.9750,,
A,type,lgbm,shape+amplitude,random_window,fold2,572,0.9426,0.9421,80,0.9875,,
A,type,lgbm,shape+amplitude,random_window,fold3,572,0.9268,0.9271,80,0.9625,,
A,type,lgbm,shape+amplitude,random_window,fold4,571,0.9531,0.9527,80,0.9875,,
A,type,logreg,shape,grouped_condition,fold0,563,0.5638,0.5405,16,0.5500,,
A,type,logreg,shape,grouped_condition,fold1,574,0.3059,0.2973,16,0.3000,,
A,type,logreg,shape,grouped_condition,fold2,577,0.5233,0.4804,16,0.5500,,
A,type,logreg,shape,grouped_condition,fold3,570,0.2989,0.3194,16,0.4000,,
A,type,logreg,shape,grouped_condition,fold4,575,0.3080,0.3081,16,0.2500,,
A,type,logreg,shape,leave_flow_out,0.18 LPS,708,0.4758,0.4569,20,0.6000,,
A,type,logreg,shape,leave_flow_out,0.47 LPS,712,0.4942,0.4759,20,0.5500,,
A,type,logreg,shape,leave_flow_out,ND,714,0.5218,0.5251,20,0.6000,,
A,type,logreg,shape,leave_flow_out,Transient,725,0.5168,0.5192,20,0.6000,,
A,type,logreg,shape,leave_topology_out,BR,1433,0.1265,0.1161,40,0.0750,,
A,type,logreg,shape,leave_topology_out,LO,1426,0.1295,0.1260,40,0.1500,,
A,type,logreg,shape,random_window,fold0,572,0.6609,0.6611,80,0.7375,,
A,type,logreg,shape,random_window,fold1,572,0.6641,0.6637,80,0.7500,,
A,type,logreg,shape,random_window,fold2,572,0.6434,0.6432,80,0.7625,,
A,type,logreg,shape,random_window,fold3,572,0.6680,0.6699,80,0.7750,,
A,type,logreg,shape,random_window,fold4,571,0.6616,0.6641,80,0.7500,,
A,type,logreg,shape+amplitude,grouped_condition,fold0,563,0.6320,0.6046,16,0.7500,,
A,type,logreg,shape+amplitude,grouped_condition,fold1,574,0.3018,0.2961,16,0.3000,,
A,type,logreg,shape+amplitude,grouped_condition,fold2,577,0.5179,0.4775,16,0.5500,,
A,type,logreg,shape+amplitude,grouped_condition,fold3,570,0.3047,0.3185,16,0.2500,,
A,type,logreg,shape+amplitude,grouped_condition,fold4,575,0.3261,0.3286,16,0.2500,,
A,type,logreg,shape+amplitude,leave_flow_out,0.18 LPS,708,0.4984,0.4746,20,0.5500,,
A,type,logreg,shape+amplitude,leave_flow_out,0.47 LPS,712,0.5278,0.5192,20,0.5000,,
A,type,logreg,shape+amplitude,leave_flow_out,ND,714,0.4807,0.4887,20,0.5000,,
A,type,logreg,shape+amplitude,leave_flow_out,Transient,725,0.5210,0.5250,20,0.6500,,
A,type,logreg,shape+amplitude,leave_topology_out,BR,1433,0.1990,0.1784,40,0.2250,,
A,type,logreg,shape+amplitude,leave_topology_out,LO,1426,0.0986,0.1004,40,0.1000,,
A,type,logreg,shape+amplitude,random_window,fold0,572,0.6574,0.6571,80,0.7375,,
A,type,logreg,shape+amplitude,random_window,fold1,572,0.6747,0.6746,80,0.7500,,
A,type,logreg,shape+amplitude,random_window,fold2,572,0.6435,0.6432,80,0.7375,,
A,type,logreg,shape+amplitude,random_window,fold3,572,0.6752,0.6763,80,0.7750,,
A,type,logreg,shape+amplitude,random_window,fold4,571,0.6599,0.6619,80,0.7625,,
A,type,rf,shape,grouped_condition,fold0,563,0.6029,0.5678,16,0.6500,,
A,type,rf,shape,grouped_condition,fold1,574,0.4552,0.4219,16,0.5000,,
A,type,rf,shape,grouped_condition,fold2,577,0.5785,0.5436,16,0.6500,,
A,type,rf,shape,grouped_condition,fold3,570,0.6752,0.6485,16,0.7000,,
A,type,rf,shape,grouped_condition,fold4,575,0.4536,0.4653,16,0.5500,,
A,type,rf,shape,leave_flow_out,0.18 LPS,708,0.5509,0.5783,20,0.5500,,
A,type,rf,shape,leave_flow_out,0.47 LPS,712,0.6801,0.6641,20,0.8000,,
A,type,rf,shape,leave_flow_out,ND,714,0.6720,0.6703,20,0.7000,,
A,type,rf,shape,leave_flow_out,Transient,725,0.7326,0.7349,20,0.8500,,
A,type,rf,shape,leave_topology_out,BR,1433,0.2033,0.1993,40,0.1750,,
A,type,rf,shape,leave_topology_out,LO,1426,0.2639,0.2374,40,0.2750,,
A,type,rf,shape,random_window,fold0,572,0.9214,0.9217,80,0.9875,,
A,type,rf,shape,random_window,fold1,572,0.9459,0.9457,80,0.9750,,
A,type,rf,shape,random_window,fold2,572,0.9077,0.9074,80,0.9625,,
A,type,rf,shape,random_window,fold3,572,0.9165,0.9163,80,0.9750,,
A,type,rf,shape,random_window,fold4,571,0.9303,0.9298,80,0.9875,,
A,type,rf,shape+amplitude,grouped_condition,fold0,563,0.6186,0.5837,16,0.6500,,
A,type,rf,shape+amplitude,grouped_condition,fold1,574,0.4436,0.4121,16,0.4500,,
A,type,rf,shape+amplitude,grouped_condition,fold2,577,0.5605,0.5203,16,0.6000,,
A,type,rf,shape+amplitude,grouped_condition,fold3,570,0.6413,0.6252,16,0.7500,,
A,type,rf,shape+amplitude,grouped_condition,fold4,575,0.4600,0.4629,16,0.4500,,
A,type,rf,shape+amplitude,leave_flow_out,0.18 LPS,708,0.5402,0.5583,20,0.5500,,
A,type,rf,shape+amplitude,leave_flow_out,0.47 LPS,712,0.7238,0.7127,20,0.8000,,
A,type,rf,shape+amplitude,leave_flow_out,ND,714,0.7254,0.7211,20,0.8000,,
A,type,rf,shape+amplitude,leave_flow_out,Transient,725,0.7314,0.7373,20,0.8000,,
A,type,rf,shape+amplitude,leave_topology_out,BR,1433,0.2458,0.2206,40,0.2250,,
A,type,rf,shape+amplitude,leave_topology_out,LO,1426,0.2858,0.2721,40,0.3000,,
A,type,rf,shape+amplitude,random_window,fold0,572,0.9337,0.9338,80,0.9875,,
A,type,rf,shape+amplitude,random_window,fold1,572,0.9633,0.9632,80,0.9875,,
A,type,rf,shape+amplitude,random_window,fold2,572,0.9286,0.9280,80,0.9750,,
A,type,rf,shape+amplitude,random_window,fold3,572,0.9251,0.9250,80,0.9750,,
A,type,rf,shape+amplitude,random_window,fold4,571,0.9425,0.9423,80,0.9875,,
H,detect,cnn,spectrogram,grouped_condition,fold0,890,0.8339,0.8543,24,0.8750,0.9261,1.0000
H,detect,cnn,spectrogram,grouped_condition,fold1,798,0.8813,0.8207,22,0.9722,0.9432,0.9722
H,detect,cnn,spectrogram,grouped_condition,fold2,984,0.9917,0.9520,26,1.0000,0.9993,1.0000
H,detect,cnn,spectrogram,grouped_condition,fold3,730,0.8586,0.7953,20,0.9722,0.9590,1.0000
H,detect,cnn,spectrogram,grouped_condition,fold4,1170,0.5576,0.5276,28,0.5000,0.5407,0.6375
H,detect,cnn,spectrogram,leave_flow_out,0.18 LPS,732,0.9377,0.9249,20,1.0000,0.9888,1.0000
H,detect,cnn,spectrogram,leave_flow_out,0.47 LPS,736,0.9154,0.9144,20,1.0000,0.9844,1.0000
H,detect,cnn,spectrogram,leave_flow_out,ND,1480,0.8326,0.7962,40,0.8750,0.9301,0.9492
H,detect,cnn,spectrogram,leave_flow_out,Transient,1624,0.8039,0.8306,40,0.8594,0.9052,0.9766
H,detect,cnn,spectrogram,leave_topology_out,BR,2370,0.4957,0.4387,60,0.5000,0.4189,0.5469
H,detect,cnn,spectrogram,leave_topology_out,LO,2202,0.4198,0.4228,60,0.3958,0.4047,0.4028
H,detect,cnn,spectrogram,random_window,fold0,915,0.9833,0.9786,120,1.0000,0.9989,1.0000
H,detect,cnn,spectrogram,random_window,fold1,915,0.9880,0.9851,120,1.0000,0.9989,1.0000
H,detect,cnn,spectrogram,random_window,fold2,914,0.9913,0.9884,120,1.0000,0.9997,1.0000
H,detect,cnn,spectrogram,random_window,fold3,914,0.9872,0.9789,120,1.0000,0.9996,1.0000
H,detect,cnn,spectrogram,random_window,fold4,914,0.9921,0.9950,120,1.0000,0.9999,1.0000
H,detect,lgbm,shape,grouped_condition,fold0,890,0.8632,0.8825,24,0.9375,0.9607,1.0000
H,detect,lgbm,shape,grouped_condition,fold1,798,0.6867,0.6769,22,0.7222,0.8239,0.8472
H,detect,lgbm,shape,grouped_condition,fold2,984,0.9680,0.8480,26,1.0000,0.9992,1.0000
H,detect,lgbm,shape,grouped_condition,fold3,730,0.6090,0.6344,20,0.5000,0.8670,0.9722
H,detect,lgbm,shape,grouped_condition,fold4,1170,0.5565,0.5440,28,0.5000,0.7216,0.8000
H,detect,lgbm,shape,leave_flow_out,0.18 LPS,732,0.7367,0.7713,20,0.7500,0.8691,0.9375
H,detect,lgbm,shape,leave_flow_out,0.47 LPS,736,0.7938,0.7824,20,0.7500,0.9117,0.9688
H,detect,lgbm,shape,leave_flow_out,ND,1480,0.9150,0.9121,40,0.9375,0.9759,1.0000
H,detect,lgbm,shape,leave_flow_out,Transient,1624,0.7652,0.7720,40,0.7969,0.8688,0.9492
H,detect,lgbm,shape,leave_topology_out,BR,2370,0.5269,0.4946,60,0.5000,0.6493,0.7648
H,detect,lgbm,shape,leave_topology_out,LO,2202,0.7361,0.5966,60,0.7812,0.7827,0.8385
H,detect,lgbm,shape,random_window,fold0,915,0.8891,0.8914,120,0.9115,0.9651,0.9887
H,detect,lgbm,shape,random_window,fold1,915,0.9150,0.9166,120,0.9583,0.9820,0.9996
H,detect,lgbm,shape,random_window,fold2,914,0.8859,0.8920,120,0.9167,0.9726,1.0000
H,detect,lgbm,shape,random_window,fold3,914,0.8784,0.8828,120,0.9167,0.9670,0.9987
H,detect,lgbm,shape,random_window,fold4,914,0.8846,0.8960,120,0.9115,0.9690,0.9970
H,detect,lgbm,shape+amplitude,grouped_condition,fold0,890,0.9073,0.9185,24,0.9375,0.9723,1.0000
H,detect,lgbm,shape+amplitude,grouped_condition,fold1,798,0.7131,0.7192,22,0.7222,0.8566,0.9028
H,detect,lgbm,shape+amplitude,grouped_condition,fold2,984,0.9696,0.8540,26,1.0000,0.9996,1.0000
H,detect,lgbm,shape+amplitude,grouped_condition,fold3,730,0.6044,0.6319,20,0.5000,0.8709,0.9722
H,detect,lgbm,shape+amplitude,grouped_condition,fold4,1170,0.5762,0.5723,28,0.5625,0.7332,0.7937
H,detect,lgbm,shape+amplitude,leave_flow_out,0.18 LPS,732,0.7550,0.7978,20,0.7500,0.8956,0.9375
H,detect,lgbm,shape+amplitude,leave_flow_out,0.47 LPS,736,0.8051,0.8144,20,0.7500,0.9228,0.9844
H,detect,lgbm,shape+amplitude,leave_flow_out,ND,1480,0.9344,0.9297,40,1.0000,0.9841,1.0000
H,detect,lgbm,shape+amplitude,leave_flow_out,Transient,1624,0.8215,0.8241,40,0.9219,0.9011,0.9883
H,detect,lgbm,shape+amplitude,leave_topology_out,BR,2370,0.5408,0.5206,60,0.5417,0.6629,0.7839
H,detect,lgbm,shape+amplitude,leave_topology_out,LO,2202,0.6366,0.5791,60,0.6146,0.7357,0.7552
H,detect,lgbm,shape+amplitude,random_window,fold0,915,0.8887,0.8980,120,0.9323,0.9689,0.9900
H,detect,lgbm,shape+amplitude,random_window,fold1,915,0.9232,0.9307,120,0.9375,0.9849,1.0000
H,detect,lgbm,shape+amplitude,random_window,fold2,914,0.8987,0.9081,120,0.9792,0.9780,0.9996
H,detect,lgbm,shape+amplitude,random_window,fold3,914,0.8881,0.9036,120,0.9167,0.9732,1.0000
H,detect,lgbm,shape+amplitude,random_window,fold4,914,0.9193,0.9218,120,0.9792,0.9800,0.9991
H,detect,logreg,shape,grouped_condition,fold0,890,0.7869,0.7342,24,0.8438,0.9299,1.0000
H,detect,logreg,shape,grouped_condition,fold1,798,0.6160,0.6221,22,0.7222,0.6455,0.6389
H,detect,logreg,shape,grouped_condition,fold2,984,0.8721,0.6800,26,0.9583,0.9483,1.0000
H,detect,logreg,shape,grouped_condition,fold3,730,0.5679,0.5633,20,0.5000,0.6596,0.8889
H,detect,logreg,shape,grouped_condition,fold4,1170,0.5395,0.5400,28,0.5750,0.5096,0.5813
H,detect,logreg,shape,leave_flow_out,0.18 LPS,732,0.6104,0.6177,20,0.7500,0.6268,0.6562
H,detect,logreg,shape,leave_flow_out,0.47 LPS,736,0.7139,0.6686,20,0.6875,0.7810,0.8125
H,detect,logreg,shape,leave_flow_out,ND,1480,0.7637,0.7240,40,0.8125,0.7734,0.7812
H,detect,logreg,shape,leave_flow_out,Transient,1624,0.7433,0.6959,40,0.9531,0.8207,0.9648
H,detect,logreg,shape,leave_topology_out,BR,2370,0.5505,0.5386,60,0.5417,0.6040,0.7856
H,detect,logreg,shape,leave_topology_out,LO,2202,0.6473,0.4516,60,0.6667,0.8361,0.8802
H,detect,logreg,shape,random_window,fold0,915,0.7999,0.7557,120,0.8333,0.8629,0.9149
H,detect,logreg,shape,random_window,fold1,915,0.8055,0.7645,120,0.8646,0.8868,0.9436
H,detect,logreg,shape,random_window,fold2,914,0.7727,0.7338,120,0.8906,0.8448,0.9184
H,detect,logreg,shape,random_window,fold3,914,0.7746,0.7456,120,0.8646,0.8471,0.9110
H,detect,logreg,shape,random_window,fold4,914,0.7967,0.7601,120,0.8802,0.8559,0.9067
H,detect,logreg,shape+amplitude,grouped_condition,fold0,890,0.7853,0.7349,24,0.8750,0.9249,0.9922
H,detect,logreg,shape+amplitude,grouped_condition,fold1,798,0.6052,0.6163,22,0.7500,0.6457,0.6250
H,detect,logreg,shape+amplitude,grouped_condition,fold2,984,0.8182,0.6358,26,0.9583,0.9021,0.9583
H,detect,logreg,shape+amplitude,grouped_condition,fold3,730,0.5602,0.5561,20,0.5000,0.6407,0.8056
H,detect,logreg,shape+amplitude,grouped_condition,fold4,1170,0.5468,0.5475,28,0.5500,0.5173,0.5875
H,detect,logreg,shape+amplitude,leave_flow_out,0.18 LPS,732,0.6092,0.6189,20,0.7500,0.6171,0.6406
H,detect,logreg,shape+amplitude,leave_flow_out,0.47 LPS,736,0.7237,0.6950,20,0.7188,0.7893,0.8281
H,detect,logreg,shape+amplitude,leave_flow_out,ND,1480,0.7517,0.7033,40,0.7812,0.7719,0.7734
H,detect,logreg,shape+amplitude,leave_flow_out,Transient,1624,0.7601,0.7094,40,0.9531,0.8357,0.9766
H,detect,logreg,shape+amplitude,leave_topology_out,BR,2370,0.5489,0.5363,60,0.5417,0.6085,0.7700
H,detect,logreg,shape+amplitude,leave_topology_out,LO,2202,0.6656,0.5197,60,0.7083,0.7786,0.8194
H,detect,logreg,shape+amplitude,random_window,fold0,915,0.7818,0.7366,120,0.8542,0.8654,0.9076
H,detect,logreg,shape+amplitude,random_window,fold1,915,0.8127,0.7688,120,0.9062,0.8960,0.9375
H,detect,logreg,shape+amplitude,random_window,fold2,914,0.7901,0.7520,120,0.8958,0.8554,0.9184
H,detect,logreg,shape+amplitude,random_window,fold3,914,0.7759,0.7478,120,0.8594,0.8494,0.9084
H,detect,logreg,shape+amplitude,random_window,fold4,914,0.8059,0.7776,120,0.8802,0.8626,0.9093
H,detect,rf,shape,grouped_condition,fold0,890,0.8041,0.8310,24,0.8750,0.9738,1.0000
H,detect,rf,shape,grouped_condition,fold1,798,0.6847,0.7072,22,0.7222,0.8314,0.8472
H,detect,rf,shape,grouped_condition,fold2,984,0.9679,0.8917,26,1.0000,0.9984,1.0000
H,detect,rf,shape,grouped_condition,fold3,730,0.5302,0.5337,20,0.5000,0.8789,1.0000
H,detect,rf,shape,grouped_condition,fold4,1170,0.5166,0.4589,28,0.5000,0.7463,0.8250
H,detect,rf,shape,leave_flow_out,0.18 LPS,732,0.7056,0.7533,20,0.7500,0.8515,0.9062
H,detect,rf,shape,leave_flow_out,0.47 LPS,736,0.7804,0.8079,20,0.7500,0.9012,0.9688
H,detect,rf,shape,leave_flow_out,ND,1480,0.8799,0.9152,40,0.8750,0.9744,1.0000
H,detect,rf,shape,leave_flow_out,Transient,1624,0.7253,0.7565,40,0.7344,0.8668,0.9375
H,detect,rf,shape,leave_topology_out,BR,2370,0.5169,0.4753,60,0.5000,0.6742,0.8299
H,detect,rf,shape,leave_topology_out,LO,2202,0.6495,0.5891,60,0.7083,0.7317,0.7622
H,detect,rf,shape,random_window,fold0,915,0.8201,0.8590,120,0.8333,0.9469,0.9844
H,detect,rf,shape,random_window,fold1,915,0.8629,0.8948,120,0.8750,0.9765,0.9987
H,detect,rf,shape,random_window,fold2,914,0.8254,0.8634,120,0.7917,0.9656,0.9983
H,detect,rf,shape,random_window,fold3,914,0.8013,0.8409,120,0.8750,0.9655,0.9922
H,detect,rf,shape,random_window,fold4,914,0.8316,0.8725,120,0.8542,0.9619,0.9905
H,detect,rf,shape+amplitude,grouped_condition,fold0,890,0.8166,0.8435,24,0.8750,0.9730,1.0000
H,detect,rf,shape+amplitude,grouped_condition,fold1,798,0.7024,0.7355,22,0.7222,0.8536,0.9028
H,detect,rf,shape+amplitude,grouped_condition,fold2,984,0.9814,0.9286,26,1.0000,0.9994,1.0000
H,detect,rf,shape+amplitude,grouped_condition,fold3,730,0.5255,0.5249,20,0.5000,0.8755,1.0000
H,detect,rf,shape+amplitude,grouped_condition,fold4,1170,0.5341,0.4922,28,0.5000,0.7424,0.8125
H,detect,rf,shape+amplitude,leave_flow_out,0.18 LPS,732,0.7027,0.7547,20,0.7500,0.8751,0.9219
H,detect,rf,shape+amplitude,leave_flow_out,0.47 LPS,736,0.7831,0.8217,20,0.7500,0.9130,0.9844
H,detect,rf,shape+amplitude,leave_flow_out,ND,1480,0.9003,0.9291,40,0.8750,0.9833,1.0000
H,detect,rf,shape+amplitude,leave_flow_out,Transient,1624,0.7463,0.7791,40,0.7344,0.8897,0.9648
H,detect,rf,shape+amplitude,leave_topology_out,BR,2370,0.5279,0.4965,60,0.5000,0.7007,0.8385
H,detect,rf,shape+amplitude,leave_topology_out,LO,2202,0.5456,0.5455,60,0.7083,0.7061,0.7830
H,detect,rf,shape+amplitude,random_window,fold0,915,0.8504,0.8859,120,0.8698,0.9603,0.9883
H,detect,rf,shape+amplitude,random_window,fold1,915,0.8676,0.9016,120,0.8750,0.9827,0.9996
H,detect,rf,shape+amplitude,random_window,fold2,914,0.8453,0.8859,120,0.8333,0.9741,1.0000
H,detect,rf,shape+amplitude,random_window,fold3,914,0.8362,0.8752,120,0.8958,0.9701,0.9935
H,detect,rf,shape+amplitude,random_window,fold4,914,0.8670,0.9031,120,0.8750,0.9762,0.9922
H,type,cnn,spectrogram,grouped_condition,fold0,890,0.7291,0.6850,24,0.6833,,
H,type,cnn,spectrogram,grouped_condition,fold1,798,0.5968,0.5753,22,0.6333,,
H,type,cnn,spectrogram,grouped_condition,fold2,984,0.5272,0.4220,26,0.4750,,
H,type,cnn,spectrogram,grouped_condition,fold3,730,0.7031,0.6812,20,0.8167,,
H,type,cnn,spectrogram,grouped_condition,fold4,1170,0.7259,0.6201,28,0.8000,,
H,type,cnn,spectrogram,leave_flow_out,0.18 LPS,732,0.8079,0.8090,20,0.9000,,
H,type,cnn,spectrogram,leave_flow_out,0.47 LPS,736,0.8940,0.8937,20,0.9000,,
H,type,cnn,spectrogram,leave_flow_out,ND,1480,0.6178,0.6120,40,0.6000,,
H,type,cnn,spectrogram,leave_flow_out,Transient,1624,0.7060,0.7038,40,0.8250,,
H,type,cnn,spectrogram,leave_topology_out,BR,2370,0.1218,0.0933,60,0.1500,,
H,type,cnn,spectrogram,leave_topology_out,LO,2202,0.1164,0.1207,60,0.1167,,
H,type,cnn,spectrogram,random_window,fold0,915,0.9812,0.9812,120,1.0000,,
H,type,cnn,spectrogram,random_window,fold1,915,0.9846,0.9847,120,1.0000,,
H,type,cnn,spectrogram,random_window,fold2,914,0.9745,0.9747,120,1.0000,,
H,type,cnn,spectrogram,random_window,fold3,914,0.9792,0.9792,120,1.0000,,
H,type,cnn,spectrogram,random_window,fold4,914,0.9696,0.9693,120,1.0000,,
H,type,lgbm,shape,grouped_condition,fold0,890,0.6075,0.5727,24,0.7167,,
H,type,lgbm,shape,grouped_condition,fold1,798,0.5787,0.5647,22,0.7667,,
H,type,lgbm,shape,grouped_condition,fold2,984,0.5746,0.4420,26,0.5750,,
H,type,lgbm,shape,grouped_condition,fold3,730,0.4538,0.4443,20,0.6000,,
H,type,lgbm,shape,grouped_condition,fold4,1170,0.5787,0.4945,28,0.7417,,
H,type,lgbm,shape,leave_flow_out,0.18 LPS,732,0.6509,0.6516,20,0.8000,,
H,type,lgbm,shape,leave_flow_out,0.47 LPS,736,0.6756,0.6727,20,0.7500,,
H,type,lgbm,shape,leave_flow_out,ND,1480,0.6998,0.6892,40,0.8750,,
H,type,lgbm,shape,leave_flow_out,Transient,1624,0.6006,0.5868,40,0.7500,,
H,type,lgbm,shape,leave_topology_out,BR,2370,0.1638,0.1286,60,0.1833,,
H,type,lgbm,shape,leave_topology_out,LO,2202,0.1780,0.1360,60,0.2000,,
H,type,lgbm,shape,random_window,fold0,915,0.8377,0.8373,120,0.9833,,
H,type,lgbm,shape,random_window,fold1,915,0.8397,0.8397,120,0.9667,,
H,type,lgbm,shape,random_window,fold2,914,0.8308,0.8312,120,0.9667,,
H,type,lgbm,shape,random_window,fold3,914,0.8344,0.8346,120,0.9667,,
H,type,lgbm,shape,random_window,fold4,914,0.8209,0.8209,120,0.9583,,
H,type,lgbm,shape+amplitude,grouped_condition,fold0,890,0.6378,0.6053,24,0.6833,,
H,type,lgbm,shape+amplitude,grouped_condition,fold1,798,0.6166,0.5950,22,0.7667,,
H,type,lgbm,shape+amplitude,grouped_condition,fold2,984,0.5638,0.4445,26,0.6250,,
H,type,lgbm,shape+amplitude,grouped_condition,fold3,730,0.4940,0.4790,20,0.6000,,
H,type,lgbm,shape+amplitude,grouped_condition,fold4,1170,0.5536,0.4723,28,0.6917,,
H,type,lgbm,shape+amplitude,leave_flow_out,0.18 LPS,732,0.7042,0.7034,20,0.9000,,
H,type,lgbm,shape+amplitude,leave_flow_out,0.47 LPS,736,0.7114,0.7047,20,0.8500,,
H,type,lgbm,shape+amplitude,leave_flow_out,ND,1480,0.7280,0.7157,40,0.9000,,
H,type,lgbm,shape+amplitude,leave_flow_out,Transient,1624,0.5903,0.5696,40,0.7250,,
H,type,lgbm,shape+amplitude,leave_topology_out,BR,2370,0.1432,0.1235,60,0.1333,,
H,type,lgbm,shape+amplitude,leave_topology_out,LO,2202,0.1088,0.1105,60,0.1167,,
H,type,lgbm,shape+amplitude,random_window,fold0,915,0.8606,0.8607,120,0.9833,,
H,type,lgbm,shape+amplitude,random_window,fold1,915,0.8635,0.8638,120,0.9750,,
H,type,lgbm,shape+amplitude,random_window,fold2,914,0.8655,0.8659,120,0.9833,,
H,type,lgbm,shape+amplitude,random_window,fold3,914,0.8541,0.8540,120,1.0000,,
H,type,lgbm,shape+amplitude,random_window,fold4,914,0.8602,0.8600,120,0.9583,,
H,type,logreg,shape,grouped_condition,fold0,890,0.3379,0.3080,24,0.3000,,
H,type,logreg,shape,grouped_condition,fold1,798,0.2783,0.2667,22,0.4167,,
H,type,logreg,shape,grouped_condition,fold2,984,0.3609,0.3167,26,0.3750,,
H,type,logreg,shape,grouped_condition,fold3,730,0.2082,0.2054,20,0.2333,,
H,type,logreg,shape,grouped_condition,fold4,1170,0.3406,0.3032,28,0.2917,,
H,type,logreg,shape,leave_flow_out,0.18 LPS,732,0.3563,0.3525,20,0.4500,,
H,type,logreg,shape,leave_flow_out,0.47 LPS,736,0.4070,0.4001,20,0.5500,,
H,type,logreg,shape,leave_flow_out,ND,1480,0.4166,0.4023,40,0.4750,,
H,type,logreg,shape,leave_flow_out,Transient,1624,0.3954,0.3834,40,0.5000,,
H,type,logreg,shape,leave_topology_out,BR,2370,0.1704,0.1830,60,0.1167,,
H,type,logreg,shape,leave_topology_out,LO,2202,0.0624,0.0665,60,0.0333,,
H,type,logreg,shape,random_window,fold0,915,0.4832,0.4789,120,0.5833,,
H,type,logreg,shape,random_window,fold1,915,0.4930,0.4881,120,0.5917,,
H,type,logreg,shape,random_window,fold2,914,0.4912,0.4851,120,0.5417,,
H,type,logreg,shape,random_window,fold3,914,0.4701,0.4664,120,0.5750,,
H,type,logreg,shape,random_window,fold4,914,0.4891,0.4854,120,0.5750,,
H,type,logreg,shape+amplitude,grouped_condition,fold0,890,0.3297,0.2978,24,0.3000,,
H,type,logreg,shape+amplitude,grouped_condition,fold1,798,0.2698,0.2616,22,0.3167,,
H,type,logreg,shape+amplitude,grouped_condition,fold2,984,0.3497,0.2938,26,0.4250,,
H,type,logreg,shape+amplitude,grouped_condition,fold3,730,0.2085,0.2038,20,0.2333,,
H,type,logreg,shape+amplitude,grouped_condition,fold4,1170,0.3329,0.2972,28,0.2917,,
H,type,logreg,shape+amplitude,leave_flow_out,0.18 LPS,732,0.3391,0.3336,20,0.4500,,
H,type,logreg,shape+amplitude,leave_flow_out,0.47 LPS,736,0.4036,0.3923,20,0.5500,,
H,type,logreg,shape+amplitude,leave_flow_out,ND,1480,0.4202,0.3979,40,0.4750,,
H,type,logreg,shape+amplitude,leave_flow_out,Transient,1624,0.3814,0.3692,40,0.5000,,
H,type,logreg,shape+amplitude,leave_topology_out,BR,2370,0.1282,0.1376,60,0.0833,,
H,type,logreg,shape+amplitude,leave_topology_out,LO,2202,0.1119,0.1046,60,0.1000,,
H,type,logreg,shape+amplitude,random_window,fold0,915,0.4811,0.4764,120,0.5833,,
H,type,logreg,shape+amplitude,random_window,fold1,915,0.5033,0.4983,120,0.6083,,
H,type,logreg,shape+amplitude,random_window,fold2,914,0.4932,0.4870,120,0.5667,,
H,type,logreg,shape+amplitude,random_window,fold3,914,0.4780,0.4740,120,0.5667,,
H,type,logreg,shape+amplitude,random_window,fold4,914,0.4969,0.4940,120,0.5917,,
H,type,rf,shape,grouped_condition,fold0,890,0.5654,0.5343,24,0.6083,,
H,type,rf,shape,grouped_condition,fold1,798,0.5176,0.5086,22,0.6167,,
H,type,rf,shape,grouped_condition,fold2,984,0.5711,0.4448,26,0.5750,,
H,type,rf,shape,grouped_condition,fold3,730,0.4523,0.4456,20,0.5667,,
H,type,rf,shape,grouped_condition,fold4,1170,0.5316,0.4429,28,0.6417,,
H,type,rf,shape,leave_flow_out,0.18 LPS,732,0.6793,0.6736,20,0.9000,,
H,type,rf,shape,leave_flow_out,0.47 LPS,736,0.6446,0.6365,20,0.8000,,
H,type,rf,shape,leave_flow_out,ND,1480,0.6908,0.6883,40,0.8500,,
H,type,rf,shape,leave_flow_out,Transient,1624,0.5769,0.5629,40,0.7500,,
H,type,rf,shape,leave_topology_out,BR,2370,0.1686,0.1395,60,0.1667,,
H,type,rf,shape,leave_topology_out,LO,2202,0.1668,0.1141,60,0.2000,,
H,type,rf,shape,random_window,fold0,915,0.8160,0.8162,120,0.9917,,
H,type,rf,shape,random_window,fold1,915,0.8047,0.8044,120,0.9417,,
H,type,rf,shape,random_window,fold2,914,0.8056,0.8057,120,0.9667,,
H,type,rf,shape,random_window,fold3,914,0.8148,0.8147,120,0.9833,,
H,type,rf,shape,random_window,fold4,914,0.8036,0.8035,120,0.9333,,
H,type,rf,shape+amplitude,grouped_condition,fold0,890,0.5990,0.5610,24,0.6583,,
H,type,rf,shape+amplitude,grouped_condition,fold1,798,0.5689,0.5546,22,0.7000,,
H,type,rf,shape+amplitude,grouped_condition,fold2,984,0.5573,0.4401,26,0.5750,,
H,type,rf,shape+amplitude,grouped_condition,fold3,730,0.4827,0.4726,20,0.5667,,
H,type,rf,shape+amplitude,grouped_condition,fold4,1170,0.5273,0.4389,28,0.6417,,
H,type,rf,shape+amplitude,leave_flow_out,0.18 LPS,732,0.7193,0.7129,20,0.9000,,
H,type,rf,shape+amplitude,leave_flow_out,0.47 LPS,736,0.6653,0.6555,20,0.7500,,
H,type,rf,shape+amplitude,leave_flow_out,ND,1480,0.7094,0.7074,40,0.8750,,
H,type,rf,shape+amplitude,leave_flow_out,Transient,1624,0.5819,0.5647,40,0.7500,,
H,type,rf,shape+amplitude,leave_topology_out,BR,2370,0.1660,0.1446,60,0.1667,,
H,type,rf,shape+amplitude,leave_topology_out,LO,2202,0.1192,0.0963,60,0.1333,,
H,type,rf,shape+amplitude,random_window,fold0,915,0.8502,0.8496,120,0.9833,,
H,type,rf,shape+amplitude,random_window,fold1,915,0.8181,0.8180,120,0.9667,,
H,type,rf,shape+amplitude,random_window,fold2,914,0.8446,0.8447,120,0.9750,,
H,type,rf,shape+amplitude,random_window,fold3,914,0.8204,0.8204,120,0.9667,,
H,type,rf,shape+amplitude,random_window,fold4,914,0.8441,0.8434,120,0.9583,,
P,detect,cnn,spectrogram,grouped_condition,fold0,572,0.4930,0.4853,16,0.4583,0.4075,0.4792
P,detect,cnn,spectrogram,grouped_condition,fold1,591,0.6899,0.6839,16,0.6667,0.7183,0.7083
P,detect,cnn,spectrogram,grouped_condition,fold2,567,0.8589,0.7939,16,0.9643,0.9239,0.9643
P,detect,cnn,spectrogram,grouped_condition,fold3,576,0.7395,0.5663,16,0.8214,0.6698,0.7143
P,detect,cnn,spectrogram,grouped_condition,fold4,584,0.6560,0.6807,16,0.7500,0.8121,0.8333
P,detect,cnn,spectrogram,leave_flow_out,0.18 LPS,723,0.7177,0.6963,20,0.6562,0.7448,0.7500
P,detect,cnn,spectrogram,leave_flow_out,0.47 LPS,722,0.8048,0.6777,20,0.8438,0.8921,0.9062
P,detect,cnn,spectrogram,leave_flow_out,ND,712,0.8787,0.8977,20,0.8750,0.9844,1.0000
P,detect,cnn,spectrogram,leave_flow_out,Transient,733,0.7200,0.7525,20,0.7500,0.8868,0.9844
P,detect,cnn,spectrogram,leave_topology_out,BR,1458,0.4781,0.4512,40,0.4688,0.5279,0.5352
P,detect,cnn,spectrogram,leave_topology_out,LO,1432,0.4279,0.4310,40,0.4375,0.3820,0.3672
P,detect,cnn,spectrogram,random_window,fold0,578,0.9229,0.8831,80,0.9844,0.9800,0.9971
P,detect,cnn,spectrogram,random_window,fold1,578,0.9273,0.8859,80,0.9766,0.9827,0.9971
P,detect,cnn,spectrogram,random_window,fold2,578,0.8958,0.8882,80,0.9609,0.9755,0.9971
P,detect,cnn,spectrogram,random_window,fold3,578,0.9250,0.8934,80,0.9766,0.9833,0.9980
P,detect,cnn,spectrogram,random_window,fold4,578,0.9457,0.9179,80,0.9844,0.9861,0.9990
P,detect,lgbm,shape,grouped_condition,fold0,572,0.6317,0.6407,16,0.4583,0.7774,0.8333
P,detect,lgbm,shape,grouped_condition,fold1,591,0.4066,0.3819,16,0.4167,0.4916,0.4583
P,detect,lgbm,shape,grouped_condition,fold2,567,0.6915,0.6749,16,0.7143,0.8814,0.9286
P,detect,lgbm,shape,grouped_condition,fold3,576,0.4376,0.4435,16,0.3571,0.5652,0.5714
P,detect,lgbm,shape,grouped_condition,fold4,584,0.7315,0.7264,16,0.8333,0.7618,0.9167
P,detect,lgbm,shape,leave_flow_out,0.18 LPS,723,0.5879,0.6013,20,0.6250,0.6923,0.6562
P,detect,lgbm,shape,leave_flow_out,0.47 LPS,722,0.6299,0.5810,20,0.6250,0.7282,0.7500
P,detect,lgbm,shape,leave_flow_out,ND,712,0.9364,0.9284,20,1.0000,0.9869,1.0000
P,detect,lgbm,shape,leave_flow_out,Transient,733,0.7037,0.7070,20,0.8750,0.7520,0.9688
P,detect,lgbm,shape,leave_topology_out,BR,1458,0.5655,0.5726,40,0.5625,0.5533,0.5977
P,detect,lgbm,shape,leave_topology_out,LO,1432,0.5204,0.4177,40,0.5312,0.5518,0.5664
P,detect,lgbm,shape,random_window,fold0,578,0.8505,0.8370,80,0.9297,0.9368,0.9912
P,detect,lgbm,shape,random_window,fold1,578,0.8393,0.8427,80,0.8906,0.9585,0.9873
P,detect,lgbm,shape,random_window,fold2,578,0.8426,0.8426,80,0.9062,0.9508,0.9854
P,detect,lgbm,shape,random_window,fold3,578,0.8065,0.8147,80,0.8906,0.9368,0.9863
P,detect,lgbm,shape,random_window,fold4,578,0.8396,0.8265,80,0.9609,0.9514,0.9932
P,detect,lgbm,shape+amplitude,grouped_condition,fold0,572,0.6713,0.6814,16,0.5833,0.8305,0.8958
P,detect,lgbm,shape+amplitude,grouped_condition,fold1,591,0.4201,0.3979,16,0.4167,0.4994,0.5000
P,detect,lgbm,shape+amplitude,grouped_condition,fold2,567,0.7210,0.7080,16,0.7143,0.8902,0.9286
P,detect,lgbm,shape+amplitude,grouped_condition,fold3,576,0.4658,0.4633,16,0.3571,0.5801,0.6071
P,detect,lgbm,shape+amplitude,grouped_condition,fold4,584,0.7738,0.7678,16,0.8333,0.7722,0.9375
P,detect,lgbm,shape+amplitude,leave_flow_out,0.18 LPS,723,0.5886,0.6009,20,0.5938,0.6555,0.6719
P,detect,lgbm,shape+amplitude,leave_flow_out,0.47 LPS,722,0.6385,0.5920,20,0.6250,0.7471,0.7656
P,detect,lgbm,shape+amplitude,leave_flow_out,ND,712,0.9656,0.9547,20,1.0000,0.9911,1.0000
P,detect,lgbm,shape+amplitude,leave_flow_out,Transient,733,0.7022,0.7016,20,0.8750,0.7366,0.9688
P,detect,lgbm,shape+amplitude,leave_topology_out,BR,1458,0.5581,0.5629,40,0.5625,0.5723,0.6172
P,detect,lgbm,shape+amplitude,leave_topology_out,LO,1432,0.4949,0.4339,40,0.5625,0.5530,0.5430
P,detect,lgbm,shape+amplitude,random_window,fold0,578,0.8406,0.8286,80,0.8672,0.9378,0.9912
P,detect,lgbm,shape+amplitude,random_window,fold1,578,0.8393,0.8427,80,0.8984,0.9548,0.9883
P,detect,lgbm,shape+amplitude,random_window,fold2,578,0.8350,0.8383,80,0.8438,0.9520,0.9805
P,detect,lgbm,shape+amplitude,random_window,fold3,578,0.8098,0.8160,80,0.8906,0.9390,0.9844
P,detect,lgbm,shape+amplitude,random_window,fold4,578,0.8438,0.8404,80,0.9609,0.9514,0.9932
P,detect,logreg,shape,grouped_condition,fold0,572,0.7168,0.6518,16,0.8333,0.8055,0.8750
P,detect,logreg,shape,grouped_condition,fold1,591,0.4274,0.4301,16,0.3750,0.4953,0.4792
P,detect,logreg,shape,grouped_condition,fold2,567,0.6278,0.5948,16,0.4643,0.7730,0.8571
P,detect,logreg,shape,grouped_condition,fold3,576,0.4847,0.4551,16,0.3571,0.5861,0.6786
P,detect,logreg,shape,grouped_condition,fold4,584,0.7303,0.6853,16,0.7500,0.7943,0.8958
P,detect,logreg,shape,leave_flow_out,0.18 LPS,723,0.5194,0.5198,20,0.4688,0.6440,0.6719
P,detect,logreg,shape,leave_flow_out,0.47 LPS,722,0.6027,0.5195,20,0.8125,0.6445,0.6406
P,detect,logreg,shape,leave_flow_out,ND,712,0.7914,0.7127,20,0.8750,0.8440,0.9062
P,detect,logreg,shape,leave_flow_out,Transient,733,0.7287,0.6516,20,0.9062,0.7686,1.0000
P,detect,logreg,shape,leave_topology_out,BR,1458,0.5246,0.4641,40,0.5000,0.4609,0.4609
P,detect,logreg,shape,leave_topology_out,LO,1432,0.4487,0.3025,40,0.4531,0.5016,0.4570
P,detect,logreg,shape,random_window,fold0,578,0.7351,0.6553,80,0.7812,0.8143,0.8848
P,detect,logreg,shape,random_window,fold1,578,0.7171,0.6636,80,0.7734,0.7990,0.8721
P,detect,logreg,shape,random_window,fold2,578,0.7498,0.6830,80,0.7812,0.8289,0.8623
P,detect,logreg,shape,random_window,fold3,578,0.7129,0.6545,80,0.7656,0.8043,0.8994
P,detect,logreg,shape,random_window,fold4,578,0.7164,0.6463,80,0.8125,0.8088,0.8799
P,detect,logreg,shape+amplitude,grouped_condition,fold0,572,0.7086,0.6434,16,0.8333,0.8040,0.8750
P,detect,logreg,shape+amplitude,grouped_condition,fold1,591,0.4297,0.4324,16,0.3750,0.4982,0.4583
P,detect,logreg,shape+amplitude,grouped_condition,fold2,567,0.6268,0.5934,16,0.4643,0.7671,0.8571
P,detect,logreg,shape+amplitude,grouped_condition,fold3,576,0.4838,0.4541,16,0.3571,0.5704,0.6786
P,detect,logreg,shape+amplitude,grouped_condition,fold4,584,0.7335,0.6919,16,0.7500,0.7877,0.8958
P,detect,logreg,shape+amplitude,leave_flow_out,0.18 LPS,723,0.5093,0.5092,20,0.4688,0.6456,0.6562
P,detect,logreg,shape+amplitude,leave_flow_out,0.47 LPS,722,0.6062,0.5215,20,0.8125,0.6449,0.6562
P,detect,logreg,shape+amplitude,leave_flow_out,ND,712,0.7454,0.6782,20,0.9062,0.8091,0.8906
P,detect,logreg,shape+amplitude,leave_flow_out,Transient,733,0.7250,0.6520,20,0.9062,0.7676,1.0000
P,detect,logreg,shape+amplitude,leave_topology_out,BR,1458,0.5281,0.4661,40,0.5000,0.4597,0.4570
P,detect,logreg,shape+amplitude,leave_topology_out,LO,1432,0.4289,0.2994,40,0.3906,0.4802,0.4141
P,detect,logreg,shape+amplitude,random_window,fold0,578,0.7319,0.6509,80,0.7812,0.8138,0.8857
P,detect,logreg,shape+amplitude,random_window,fold1,578,0.7203,0.6682,80,0.7734,0.7984,0.8740
P,detect,logreg,shape+amplitude,random_window,fold2,578,0.7476,0.6833,80,0.7891,0.8289,0.8652
P,detect,logreg,shape+amplitude,random_window,fold3,578,0.7074,0.6501,80,0.7656,0.8056,0.8994
P,detect,logreg,shape+amplitude,random_window,fold4,578,0.7175,0.6478,80,0.8125,0.8107,0.8809
P,detect,rf,shape,grouped_condition,fold0,572,0.6037,0.6152,16,0.6250,0.8603,0.9167
P,detect,rf,shape,grouped_condition,fold1,591,0.4279,0.3913,16,0.4167,0.4902,0.5000
P,detect,rf,shape,grouped_condition,fold2,567,0.6676,0.6977,16,0.7500,0.8636,0.9286
P,detect,rf,shape,grouped_condition,fold3,576,0.4361,0.4425,16,0.4286,0.5748,0.6071
P,detect,rf,shape,grouped_condition,fold4,584,0.6640,0.6839,16,0.7500,0.8130,0.9375
P,detect,rf,shape,leave_flow_out,0.18 LPS,723,0.5195,0.4877,20,0.5000,0.7189,0.7500
P,detect,rf,shape,leave_flow_out,0.47 LPS,722,0.6330,0.6078,20,0.6250,0.7657,0.8438
P,detect,rf,shape,leave_flow_out,ND,712,0.9318,0.9473,20,1.0000,0.9885,1.0000
P,detect,rf,shape,leave_flow_out,Transient,733,0.6867,0.7148,20,0.7500,0.8100,0.9844
P,detect,rf,shape,leave_topology_out,BR,1458,0.5655,0.5699,40,0.5625,0.5588,0.5742
P,detect,rf,shape,leave_topology_out,LO,1432,0.6332,0.5623,40,0.7031,0.6741,0.6992
P,detect,rf,shape,random_window,fold0,578,0.8204,0.8500,80,0.8750,0.9498,0.9971
P,detect,rf,shape,random_window,fold1,578,0.8116,0.8489,80,0.8750,0.9660,0.9912
P,detect,rf,shape,random_window,fold2,578,0.8251,0.8523,80,0.8438,0.9487,0.9805
P,detect,rf,shape,random_window,fold3,578,0.8006,0.8425,80,0.8047,0.9410,0.9854
P,detect,rf,shape,random_window,fold4,578,0.8116,0.8428,80,0.8438,0.9542,0.9902
P,detect,rf,shape+amplitude,grouped_condition,fold0,572,0.6690,0.6940,16,0.6250,0.8809,0.9167
P,detect,rf,shape+amplitude,grouped_condition,fold1,591,0.4302,0.3958,16,0.4167,0.5025,0.5208
P,detect,rf,shape+amplitude,grouped_condition,fold2,567,0.6910,0.7242,16,0.7500,0.8673,0.9286
P,detect,rf,shape+amplitude,grouped_condition,fold3,576,0.4823,0.4824,16,0.4286,0.5963,0.6429
P,detect,rf,shape+amplitude,grouped_condition,fold4,584,0.7175,0.7376,16,0.8750,0.8197,0.9375
P,detect,rf,shape+amplitude,leave_flow_out,0.18 LPS,723,0.5526,0.5467,20,0.5000,0.6921,0.6875
P,detect,rf,shape+amplitude,leave_flow_out,0.47 LPS,722,0.6470,0.6222,20,0.6562,0.7756,0.8438
P,detect,rf,shape+amplitude,leave_flow_out,ND,712,0.9486,0.9572,20,1.0000,0.9911,1.0000
P,detect,rf,shape+amplitude,leave_flow_out,Transient,733,0.6919,0.7215,20,0.7500,0.8139,0.9844
P,detect,rf,shape+amplitude,leave_topology_out,BR,1458,0.5664,0.5714,40,0.5625,0.5624,0.5781
P,detect,rf,shape+amplitude,leave_topology_out,LO,1432,0.6450,0.5760,40,0.7031,0.6893,0.7031
P,detect,rf,shape+amplitude,random_window,fold0,578,0.8215,0.8525,80,0.8750,0.9533,0.9961
P,detect,rf,shape+amplitude,random_window,fold1,578,0.8192,0.8601,80,0.8438,0.9625,0.9922
P,detect,rf,shape+amplitude,random_window,fold2,578,0.8251,0.8523,80,0.8438,0.9509,0.9844
P,detect,rf,shape+amplitude,random_window,fold3,578,0.7995,0.8401,80,0.8047,0.9429,0.9834
P,detect,rf,shape+amplitude,random_window,fold4,578,0.8083,0.8415,80,0.8438,0.9565,0.9922
P,type,cnn,spectrogram,grouped_condition,fold0,572,0.3348,0.3168,16,0.3000,,
P,type,cnn,spectrogram,grouped_condition,fold1,591,0.2465,0.2516,16,0.2000,,
P,type,cnn,spectrogram,grouped_condition,fold2,567,0.3355,0.2456,16,0.3500,,
P,type,cnn,spectrogram,grouped_condition,fold3,576,0.3421,0.3261,16,0.4000,,
P,type,cnn,spectrogram,grouped_condition,fold4,584,0.5177,0.4773,16,0.6000,,
P,type,cnn,spectrogram,leave_flow_out,0.18 LPS,723,0.5385,0.5186,20,0.6500,,
P,type,cnn,spectrogram,leave_flow_out,0.47 LPS,722,0.5593,0.5602,20,0.6500,,
P,type,cnn,spectrogram,leave_flow_out,ND,712,0.4144,0.4241,20,0.5000,,
P,type,cnn,spectrogram,leave_flow_out,Transient,733,0.5729,0.5728,20,0.7500,,
P,type,cnn,spectrogram,leave_topology_out,BR,1458,0.1604,0.1019,40,0.1500,,
P,type,cnn,spectrogram,leave_topology_out,LO,1432,0.1825,0.1533,40,0.1500,,
P,type,cnn,spectrogram,random_window,fold0,578,0.8151,0.8143,80,0.9250,,
P,type,cnn,spectrogram,random_window,fold1,578,0.8115,0.8119,80,0.9125,,
P,type,cnn,spectrogram,random_window,fold2,578,0.8235,0.8227,80,0.9000,,
P,type,cnn,spectrogram,random_window,fold3,578,0.8337,0.8333,80,0.9500,,
P,type,cnn,spectrogram,random_window,fold4,578,0.8060,0.8059,80,0.9250,,
P,type,lgbm,shape,grouped_condition,fold0,572,0.3823,0.3660,16,0.4500,,
P,type,lgbm,shape,grouped_condition,fold1,591,0.2642,0.2302,16,0.3000,,
P,type,lgbm,shape,grouped_condition,fold2,567,0.2917,0.2690,16,0.3000,,
P,type,lgbm,shape,grouped_condition,fold3,576,0.3532,0.3494,16,0.3500,,
P,type,lgbm,shape,grouped_condition,fold4,584,0.4798,0.4736,16,0.5500,,
P,type,lgbm,shape,leave_flow_out,0.18 LPS,723,0.4082,0.3532,20,0.4000,,
P,type,lgbm,shape,leave_flow_out,0.47 LPS,722,0.4892,0.4934,20,0.5500,,
P,type,lgbm,shape,leave_flow_out,ND,712,0.5727,0.5363,20,0.7000,,
P,type,lgbm,shape,leave_flow_out,Transient,733,0.5264,0.5167,20,0.7500,,
P,type,lgbm,shape,leave_topology_out,BR,1458,0.2086,0.1765,40,0.2500,,
P,type,lgbm,shape,leave_topology_out,LO,1432,0.2120,0.1290,40,0.1750,,
P,type,lgbm,shape,random_window,fold0,578,0.7837,0.7843,80,0.9375,,
P,type,lgbm,shape,random_window,fold1,578,0.7889,0.7879,80,0.8875,,
P,type,lgbm,shape,random_window,fold2,578,0.8010,0.8015,80,0.9000,,
P,type,lgbm,shape,random_window,fold3,578,0.7956,0.7958,80,0.9375,,
P,type,lgbm,shape,random_window,fold4,578,0.7713,0.7714,80,0.9000,,
P,type,lgbm,shape+amplitude,grouped_condition,fold0,572,0.3823,0.3661,16,0.4000,,
P,type,lgbm,shape+amplitude,grouped_condition,fold1,591,0.2835,0.2455,16,0.2500,,
P,type,lgbm,shape+amplitude,grouped_condition,fold2,567,0.2989,0.2747,16,0.3000,,
P,type,lgbm,shape+amplitude,grouped_condition,fold3,576,0.3548,0.3492,16,0.3500,,
P,type,lgbm,shape+amplitude,grouped_condition,fold4,584,0.5065,0.4990,16,0.5500,,
P,type,lgbm,shape+amplitude,leave_flow_out,0.18 LPS,723,0.4079,0.3724,20,0.4000,,
P,type,lgbm,shape+amplitude,leave_flow_out,0.47 LPS,722,0.4906,0.4935,20,0.6000,,
P,type,lgbm,shape+amplitude,leave_flow_out,ND,712,0.5811,0.5520,20,0.7000,,
P,type,lgbm,shape+amplitude,leave_flow_out,Transient,733,0.5208,0.5109,20,0.7500,,
P,type,lgbm,shape+amplitude,leave_topology_out,BR,1458,0.2038,0.1634,40,0.2500,,
P,type,lgbm,shape+amplitude,leave_topology_out,LO,1432,0.2098,0.1387,40,0.2000,,
P,type,lgbm,shape+amplitude,random_window,fold0,578,0.7787,0.7790,80,0.9250,,
P,type,lgbm,shape+amplitude,random_window,fold1,578,0.7819,0.7810,80,0.9000,,
P,type,lgbm,shape+amplitude,random_window,fold2,578,0.7940,0.7942,80,0.8875,,
P,type,lgbm,shape+amplitude,random_window,fold3,578,0.7852,0.7855,80,0.9375,,
P,type,lgbm,shape+amplitude,random_window,fold4,578,0.7713,0.7721,80,0.9000,,
P,type,logreg,shape,grouped_condition,fold0,572,0.3152,0.2909,16,0.3500,,
P,type,logreg,shape,grouped_condition,fold1,591,0.0425,0.0496,16,0.0000,,
P,type,logreg,shape,grouped_condition,fold2,567,0.0931,0.0866,16,0.1000,,
P,type,logreg,shape,grouped_condition,fold3,576,0.1125,0.1058,16,0.0500,,
P,type,logreg,shape,grouped_condition,fold4,584,0.3189,0.2988,16,0.3500,,
P,type,logreg,shape,leave_flow_out,0.18 LPS,723,0.3493,0.3249,20,0.4000,,
P,type,logreg,shape,leave_flow_out,0.47 LPS,722,0.3439,0.3398,20,0.3500,,
P,type,logreg,shape,leave_flow_out,ND,712,0.3994,0.3688,20,0.5000,,
P,type,logreg,shape,leave_flow_out,Transient,733,0.3104,0.2988,20,0.3500,,
P,type,logreg,shape,leave_topology_out,BR,1458,0.2045,0.1188,40,0.2000,,
P,type,logreg,shape,leave_topology_out,LO,1432,0.2133,0.1553,40,0.2250,,
P,type,logreg,shape,random_window,fold0,578,0.4436,0.4384,80,0.5375,,
P,type,logreg,shape,random_window,fold1,578,0.4363,0.4340,80,0.4625,,
P,type,logreg,shape,random_window,fold2,578,0.4583,0.4534,80,0.5250,,
P,type,logreg,shape,random_window,fold3,578,0.4114,0.4054,80,0.4750,,
P,type,logreg,shape,random_window,fold4,578,0.4550,0.4519,80,0.5125,,
P,type,logreg,shape+amplitude,grouped_condition,fold0,572,0.3250,0.3001,16,0.3500,,
P,type,logreg,shape+amplitude,grouped_condition,fold1,591,0.0426,0.0499,16,0.0000,,
P,type,logreg,shape+amplitude,grouped_condition,fold2,567,0.0931,0.0830,16,0.1000,,
P,type,logreg,shape+amplitude,grouped_condition,fold3,576,0.1151,0.1073,16,0.0500,,
P,type,logreg,shape+amplitude,grouped_condition,fold4,584,0.3105,0.3026,16,0.4000,,
P,type,logreg,shape+amplitude,leave_flow_out,0.18 LPS,723,0.3366,0.3138,20,0.3500,,
P,type,logreg,shape+amplitude,leave_flow_out,0.47 LPS,722,0.3494,0.3444,20,0.3500,,
P,type,logreg,shape+amplitude,leave_flow_out,ND,712,0.3909,0.3637,20,0.5000,,
P,type,logreg,shape+amplitude,leave_flow_out,Transient,733,0.3088,0.3002,20,0.3500,,
P,type,logreg,shape+amplitude,leave_topology_out,BR,1458,0.2059,0.1180,40,0.2000,,
P,type,logreg,shape+amplitude,leave_topology_out,LO,1432,0.2154,0.1562,40,0.2500,,
P,type,logreg,shape+amplitude,random_window,fold0,578,0.4263,0.4186,80,0.5250,,
P,type,logreg,shape+amplitude,random_window,fold1,578,0.4413,0.4396,80,0.4625,,
P,type,logreg,shape+amplitude,random_window,fold2,578,0.4514,0.4461,80,0.5250,,
P,type,logreg,shape+amplitude,random_window,fold3,578,0.4217,0.4144,80,0.4875,,
P,type,logreg,shape+amplitude,random_window,fold4,578,0.4637,0.4591,80,0.4875,,
P,type,rf,shape,grouped_condition,fold0,572,0.3667,0.3560,16,0.4500,,
P,type,rf,shape,grouped_condition,fold1,591,0.2493,0.2195,16,0.2500,,
P,type,rf,shape,grouped_condition,fold2,567,0.2462,0.2153,16,0.2000,,
P,type,rf,shape,grouped_condition,fold3,576,0.3042,0.3058,16,0.3500,,
P,type,rf,shape,grouped_condition,fold4,584,0.4848,0.4791,16,0.5500,,
P,type,rf,shape,leave_flow_out,0.18 LPS,723,0.4237,0.3814,20,0.4000,,
P,type,rf,shape,leave_flow_out,0.47 LPS,722,0.4994,0.4951,20,0.5500,,
P,type,rf,shape,leave_flow_out,ND,712,0.5640,0.5264,20,0.6000,,
P,type,rf,shape,leave_flow_out,Transient,733,0.5469,0.5430,20,0.8000,,
P,type,rf,shape,leave_topology_out,BR,1458,0.2394,0.2128,40,0.3000,,
P,type,rf,shape,leave_topology_out,LO,1432,0.2048,0.0873,40,0.2000,,
P,type,rf,shape,random_window,fold0,578,0.7751,0.7754,80,0.9250,,
P,type,rf,shape,random_window,fold1,578,0.7696,0.7689,80,0.9250,,
P,type,rf,shape,random_window,fold2,578,0.7733,0.7729,80,0.8750,,
P,type,rf,shape,random_window,fold3,578,0.7868,0.7866,80,0.9125,,
P,type,rf,shape,random_window,fold4,578,0.7659,0.7658,80,0.8875,,
P,type,rf,shape+amplitude,grouped_condition,fold0,572,0.3891,0.3845,16,0.4500,,
P,type,rf,shape+amplitude,grouped_condition,fold1,591,0.2487,0.2233,16,0.3000,,
P,type,rf,shape+amplitude,grouped_condition,fold2,567,0.2491,0.2169,16,0.2000,,
P,type,rf,shape+amplitude,grouped_condition,fold3,576,0.3016,0.3031,16,0.3500,,
P,type,rf,shape+amplitude,grouped_condition,fold4,584,0.5112,0.5054,16,0.5500,,
P,type,rf,shape+amplitude,leave_flow_out,0.18 LPS,723,0.4082,0.3746,20,0.4000,,
P,type,rf,shape+amplitude,leave_flow_out,0.47 LPS,722,0.5022,0.4975,20,0.6000,,
P,type,rf,shape+amplitude,leave_flow_out,ND,712,0.5878,0.5456,20,0.6000,,
P,type,rf,shape+amplitude,leave_flow_out,Transient,733,0.5454,0.5414,20,0.8000,,
P,type,rf,shape+amplitude,leave_topology_out,BR,1458,0.2464,0.2265,40,0.3000,,
P,type,rf,shape+amplitude,leave_topology_out,LO,1432,0.2055,0.0923,40,0.2000,,
P,type,rf,shape+amplitude,random_window,fold0,578,0.7751,0.7755,80,0.9125,,
P,type,rf,shape+amplitude,random_window,fold1,578,0.7749,0.7744,80,0.9125,,
P,type,rf,shape+amplitude,random_window,fold2,578,0.7785,0.7781,80,0.8875,,
P,type,rf,shape+amplitude,random_window,fold3,578,0.7746,0.7739,80,0.9000,,
P,type,rf,shape+amplitude,random_window,fold4,578,0.7695,0.7693,80,0.8875,,
